gauge_id,huc,gauge_lon,gauge_lat,uparea_km2,snapped_lon,snapped_lat,snapped_uparea,area_percent_difference,nesting
14015_0,14,,,,73.125,18.725,116.7449951171875,,not_nested
15006_0,15,,,,74.925,13.475,329.4448547363281,,not_nested
05025_0,05,,,,78.125,11.975,331.3564758300781,,not_nested
15032_0,15,,,,74.975,13.275,329.71710205078125,,not_nested
15007_0,15,,,,76.875,8.725,578.080810546875,,not_nested
04051_0,04,,,,75.525,17.325,617.8973388671875,,not_nested
15014_0,15,,,,76.625,9.675,667.573486328125,,not_nested
14014_0,14,,,,73.275,20.075,695.1195068359375,,not_nested
15001_0,15,,,,74.975,12.925,719.9669799804688,,not_nested
15012_0,15,,,,76.675,9.425,667.92724609375,,not_nested
15018_0,15,,,,77.175,8.325,730.83349609375,,not_nested
14012_0,14,,,,73.325,20.225,694.2531127929688,,nested_upstream
14012_1,14,,,,73.425,20.225,376.02557373046875,,nested_downstream
12015_0,12,,,,74.875,22.225,741.1287231445312,,nested_upstream
12015_1,12,,,,74.925,22.375,370.3439636230469,,nested_downstream
15013_0,15,,,,76.025,11.075,755.4226684570312,,nested_upstream
15013_1,15,,,,76.225,11.075,332.3946228027344,,nested_downstream
15030_0,15,,,,76.725,9.225,790.1301879882812,,nested_upstream
15030_1,15,,,,76.975,9.175,425.5002136230469,,nested_downstream
14005_0,14,,,,74.125,15.475,830.908935546875,,nested_upstream
14005_1,14,,,,74.175,15.525,474.684814453125,,nested_downstream
15009_0,15,,,,75.175,12.475,871.7294311523438,,nested_upstream
15009_1,15,,,,75.375,12.525,511.0639343261719,,nested_downstream
07001_0,07,,,,85.525,20.975,891.3073120117188,,not_nested
14001_0,14,,,,73.275,19.175,903.1876220703125,,nested_upstream
14001_1,14,,,,73.325,19.025,524.644775390625,,nested_downstream
15023_0,15,,,,75.575,11.975,1054.1466064453125,,nested_upstream
15023_1,15,,,,75.725,11.975,391.6460266113281,,nested_downstream
05023_0,05,,,,77.775,11.525,1205.935302734375,,nested_upstream
05023_1,05,,,,77.925,11.625,753.5418090820312,,nested_downstream
15022_0,15,,,,76.775,9.075,1277.0750732421875,,nested_upstream
15022_1,15,,,,76.925,9.025,912.2916259765625,,nested_downstream
15022_2,15,,,,77.075,8.925,425.8232116699219,,nested_downstream
15005_0,15,,,,76.375,10.325,1302.1455078125,,nested_upstream
15005_1,15,,,,76.675,10.325,756.9442749023438,,nested_downstream
03024_0,03,,,,78.425,18.825,1401.810302734375,,nested_upstream
03024_1,03,,,,78.425,18.725,496.5245361328125,,nested_downstream
05007_0,05,,,,76.275,12.325,1414.4093017578125,,nested_upstream
05007_1,05,,,,76.225,12.275,360.964599609375,,nested_downstream
05007_2,05,,,,76.025,12.125,481.6850891113281,,nested_downstream
15026_0,15,,,,76.475,9.825,1607.2528076171875,,nested_upstream
15026_1,15,,,,76.525,9.975,1273.6417236328125,,nested_downstream
15026_2,15,,,,76.625,9.975,333.548095703125,,nested_downstream
04024_0,04,,,,75.625,17.275,1413.7554931640625,,nested_upstream
04024_1,04,,,,75.575,17.125,1031.13427734375,,nested_downstream
14004_0,14,,,,73.025,20.875,1498.7315673828125,,nested_upstream
14004_1,14,,,,73.375,20.825,1153.14892578125,,nested_downstream
14004_2,14,,,,73.475,20.775,461.46044921875,,nested_downstream
05005_0,05,,,,77.825,12.125,1563.804931640625,,nested_upstream
05005_1,05,,,,77.925,12.175,1202.6956787109375,,nested_downstream
05005_2,05,,,,77.975,12.375,871.7349243164062,,nested_downstream
05005_3,05,,,,77.875,12.575,450.7977294921875,,nested_downstream
15019_0,15,,,,76.725,9.375,1670.572021484375,,nested_upstream
15019_1,15,,,,76.925,9.425,820.0120849609375,,nested_downstream
15019_2,15,,,,77.075,9.425,486.0268249511719,,nested_downstream
03091_0,03,,,,80.775,17.575,1615.724853515625,,nested_upstream
03091_1,03,,,,80.625,17.525,646.715087890625,,nested_downstream
12044_0,12,,,,74.775,21.925,1746.535400390625,,nested_upstream
12044_1,12,,,,74.875,21.925,1288.72412109375,,nested_downstream
12044_2,12,,,,75.025,21.775,888.152587890625,,nested_downstream
05010_0,05,,,,75.975,12.475,1744.24169921875,,nested_upstream
05010_1,05,,,,75.825,12.325,661.8494262695312,,nested_downstream
05010_2,05,,,,75.925,12.525,631.2384033203125,,nested_downstream
05010_3,05,,,,75.725,12.325,330.8940734863281,,nested_downstream
14008_0,14,,,,73.175,21.025,1784.8880615234375,,nested_upstream
14008_1,14,,,,73.575,20.875,662.5230712890625,,nested_downstream
14008_2,14,,,,73.275,21.025,517.8951416015625,,nested_downstream
03107_0,03,,,,80.075,20.425,1760.893310546875,,nested_upstream
03107_1,03,,,,80.125,20.475,750.1366577148438,,nested_downstream
03107_2,03,,,,80.175,20.625,432.6214294433594,,nested_downstream
03107_3,03,,,,80.325,20.425,664.1083984375,,nested_downstream
12012_0,12,,,,77.325,22.375,1827.0328369140625,,nested_upstream
12012_1,12,,,,77.325,22.325,599.689453125,,nested_downstream
12012_2,12,,,,77.625,22.275,428.4529724121094,,nested_downstream
12012_3,12,,,,77.475,22.275,342.6020812988281,,nested_downstream
03089_0,03,,,,79.925,20.925,1697.096435546875,,nested_upstream
03089_1,03,,,,79.975,21.075,1380.390380859375,,nested_downstream
03089_2,03,,,,80.125,21.075,575.0352172851562,,nested_downstream
03082_0,03,,,,79.675,20.225,1848.5032958984375,,nested_upstream
03082_1,03,,,,79.475,20.425,721.6486206054688,,nested_downstream
03082_2,03,,,,79.625,20.325,548.71484375,,nested_downstream
13013_0,13,,,,74.675,20.925,1957.660888671875,,nested_upstream
13013_1,13,,,,74.525,20.925,1583.26708984375,,nested_downstream
13013_2,13,,,,74.375,20.975,1237.7686767578125,,nested_downstream
13013_3,13,,,,74.275,20.975,316.4520568847656,,nested_downstream
03019_0,03,,,,77.575,18.575,1899.38818359375,,nested_upstream
03019_1,03,,,,77.425,18.525,1577.9439697265625,,nested_downstream
03019_2,03,,,,77.275,18.525,671.9310913085938,,nested_downstream
15017_0,15,,,,76.075,11.225,1962.112060546875,,nested_upstream
15017_1,15,,,,76.275,11.275,422.6779479980469,,nested_downstream
15017_2,15,,,,76.275,11.375,422.4349365234375,,nested_downstream
14003_0,14,,,,72.925,19.725,1972.4716796875,,nested_upstream
14003_1,14,,,,73.125,19.625,609.253662109375,,nested_downstream
14003_2,14,,,,73.175,19.725,550.96533203125,,nested_downstream
14003_3,14,,,,72.975,19.725,434.96466064453125,,nested_downstream
03009_0,03,,,,77.525,18.775,2159.581787109375,,nested_upstream
03009_1,03,,,,77.375,18.775,1838.5478515625,,nested_downstream
03009_2,03,,,,77.275,18.875,1517.6236572265625,,nested_downstream
03009_3,03,,,,77.075,18.775,1196.8265380859375,,nested_downstream
03009_4,03,,,,76.925,18.775,759.0562744140625,,nested_downstream
03009_5,03,,,,76.825,18.725,408.73760986328125,,nested_downstream
16001_0,16,,,,82.975,17.725,2227.989013671875,,nested_upstream
16001_1,16,,,,82.975,17.825,820.3806762695312,,nested_downstream
16001_2,16,,,,82.875,17.825,762.332275390625,,nested_downstream
16001_3,16,,,,82.975,17.975,497.8709716796875,,nested_downstream
16001_4,16,,,,82.775,17.875,410.4743347167969,,nested_downstream
12018_0,12,,,,78.825,22.925,2248.3203125,,nested_upstream
12018_1,12,,,,78.825,22.875,540.673828125,,nested_downstream
12018_2,12,,,,79.025,22.775,1366.5631103515625,,nested_downstream
12018_3,12,,,,79.075,22.725,540.7654418945312,,nested_downstream
12018_4,12,,,,79.125,22.575,341.9432678222656,,nested_downstream
04047_0,04,,,,74.525,16.575,2216.5908203125,,nested_upstream
04047_1,04,,,,74.375,16.575,679.5693969726562,,nested_downstream
04047_2,04,,,,74.125,16.475,354.7294616699219,,nested_downstream
04047_3,04,,,,74.125,16.275,325.4233703613281,,nested_downstream
04047_4,04,,,,74.325,16.425,325.1958312988281,,nested_downstream
17012_0,17,,,,79.875,13.925,2333.931640625,,nested_upstream
17012_1,17,,,,79.575,13.625,1466.5150146484375,,nested_downstream
17012_2,17,,,,79.375,13.575,658.4910888671875,,nested_downstream
04055_0,04,,,,76.275,16.475,2625.96875,,nested_upstream
04055_1,04,,,,76.225,16.625,2301.17333984375,,nested_downstream
04055_2,04,,,,76.125,16.725,1946.9644775390625,,nested_downstream
04055_3,04,,,,75.925,16.725,1622.4322509765625,,nested_downstream
04055_4,04,,,,75.825,16.775,1268.2987060546875,,nested_downstream
04055_5,04,,,,75.675,16.675,796.218505859375,,nested_downstream
04055_6,04,,,,75.475,16.775,383.2587585449219,,nested_downstream
09008_0,09,,,,79.025,14.775,2289.542236328125,,nested_upstream
09008_1,09,,,,78.975,14.875,1961.9974365234375,,nested_downstream
04041_0,04,,,,80.075,16.925,2617.70751953125,,nested_upstream
04041_1,04,,,,79.725,17.475,558.0381469726562,,nested_downstream
04041_2,04,,,,79.775,17.275,441.0856018066406,,nested_downstream
04041_3,04,,,,80.075,17.025,323.7824401855469,,nested_downstream
10013_0,10,,,,73.075,22.125,2539.283447265625,,nested_upstream
10013_1,10,,,,73.125,22.175,1055.0814208984375,,nested_downstream
10013_2,10,,,,73.225,22.175,998.5178833007812,,nested_downstream
10013_3,10,,,,73.425,22.225,570.2625732421875,,nested_downstream
10013_4,10,,,,73.275,22.425,313.4322204589844,,nested_downstream
03013_0,03,,,,79.475,19.325,3255.843505859375,,nested_upstream
03013_1,03,,,,79.275,19.325,1076.5074462890625,,nested_downstream
03013_2,03,,,,79.125,19.475,1016.7770385742188,,nested_downstream
03013_3,03,,,,79.225,19.325,465.3293762207031,,nested_downstream
03013_4,03,,,,79.425,19.375,348.5582580566406,,nested_downstream
04012_0,04,,,,79.325,16.775,3388.67626953125,,nested_upstream
04012_1,04,,,,79.175,16.975,1855.293212890625,,nested_downstream
04012_2,04,,,,79.275,16.775,1061.6600341796875,,nested_downstream
04012_3,04,,,,79.125,16.975,795.4558715820312,,nested_downstream
04012_4,04,,,,79.075,17.075,647.5264892578125,,nested_downstream
04012_5,04,,,,78.875,16.975,353.5487976074219,,nested_downstream
04012_6,04,,,,79.025,16.775,324.3502502441406,,nested_downstream
15008_0,15,,,,75.075,12.875,3182.436767578125,,nested_upstream
15008_1,15,,,,75.425,12.725,1351.4952392578125,,nested_downstream
15008_2,15,,,,75.475,12.725,660.9606323242188,,nested_downstream
15008_3,15,,,,75.275,12.825,1140.26806640625,,nested_downstream
05021_0,05,,,,77.425,12.525,3271.30859375,,nested_upstream
05021_1,05,,,,77.325,12.925,1499.3292236328125,,nested_downstream
05021_2,05,,,,77.425,12.625,930.7492065429688,,nested_downstream
05021_3,05,,,,77.475,13.175,569.4774169921875,,nested_downstream
05021_4,05,,,,77.325,13.025,419.8408508300781,,nested_downstream
05021_5,05,,,,77.475,12.575,450.6831970214844,,nested_downstream
08030_0,08,,,,82.525,21.625,3392.815185546875,,nested_upstream
08030_1,08,,,,82.625,21.475,3048.734619140625,,nested_downstream
08030_2,08,,,,82.675,21.375,2417.324462890625,,nested_downstream
08030_3,08,,,,82.525,20.925,950.9949951171875,,nested_downstream
08030_4,08,,,,82.475,20.825,634.3545532226562,,nested_downstream
08030_5,08,,,,82.575,21.275,459.7225341796875,,nested_downstream
05004_0,05,,,,77.875,11.025,3534.991943359375,,nested_upstream
05004_1,05,,,,77.725,11.075,3142.108154296875,,nested_downstream
05004_2,05,,,,77.075,11.025,785.8023681640625,,nested_downstream
05004_3,05,,,,77.225,11.125,362.493408203125,,nested_downstream
05004_4,05,,,,76.925,10.975,453.36773681640625,,nested_downstream
05004_5,05,,,,77.525,11.175,422.7853698730469,,nested_downstream
10004_0,10,,,,74.325,23.075,3581.29150390625,,nested_upstream
10004_1,10,,,,74.375,22.925,710.9016723632812,,nested_downstream
10004_2,10,,,,74.525,22.775,483.72271728515625,,nested_downstream
10004_3,10,,,,74.275,22.775,369.8694152832031,,nested_downstream
10004_4,10,,,,74.475,22.975,539.2054443359375,,nested_downstream
10004_5,10,,,,74.625,22.875,340.89959716796875,,nested_downstream
17007_0,17,,,,77.975,9.325,3886.976318359375,,nested_upstream
17007_1,17,,,,77.975,9.375,1669.5308837890625,,nested_downstream
17007_2,17,,,,77.875,9.325,1883.3358154296875,,nested_downstream
17007_3,17,,,,77.975,9.475,516.0208740234375,,nested_downstream
17007_4,17,,,,77.675,9.275,486.1493225097656,,nested_downstream
17007_5,17,,,,77.825,9.475,333.9593811035156,,nested_downstream
17007_6,17,,,,77.575,9.325,546.8013305664062,,nested_downstream
12029_0,12,,,,75.675,22.075,3808.486083984375,,nested_upstream
12029_1,12,,,,75.675,21.925,1604.562744140625,,nested_downstream
12029_2,12,,,,75.775,21.925,1489.1016845703125,,nested_downstream
12029_3,12,,,,75.575,21.775,1289.7923583984375,,nested_downstream
12029_4,12,,,,75.825,21.825,1174.4390869140625,,nested_downstream
12029_5,12,,,,75.625,21.625,458.841064453125,,nested_downstream
12029_6,12,,,,75.925,21.775,802.17529296875,,nested_downstream
12029_7,12,,,,75.975,21.675,458.61895751953125,,nested_downstream
12029_8,12,,,,75.575,21.675,315.2859802246094,,nested_downstream
12009_0,12,,,,73.475,22.075,3880.3310546875,,nested_upstream
12009_1,12,,,,73.525,22.075,1285.3104248046875,,nested_downstream
12009_2,12,,,,73.775,22.275,1681.8165283203125,,nested_downstream
12009_3,12,,,,73.575,22.125,428.1857604980469,,nested_downstream
12009_4,12,,,,74.025,22.275,712.74853515625,,nested_downstream
12009_5,12,,,,73.925,22.125,942.5197143554688,,nested_downstream
12009_6,12,,,,74.125,22.425,399.0358581542969,,nested_downstream
12009_7,12,,,,73.825,22.375,512.8396606445312,,nested_downstream
12009_8,12,,,,74.025,22.175,342.5426330566406,,nested_downstream
15021_0,15,,,,76.525,10.175,4124.15966796875,,nested_upstream
15021_1,15,,,,77.075,9.625,910.8201904296875,,nested_downstream
15021_2,15,,,,76.725,10.125,1060.5008544921875,,nested_downstream
15021_3,15,,,,77.225,9.525,576.9260864257812,,nested_downstream
15021_4,15,,,,77.025,9.975,757.8687133789062,,nested_downstream
15021_5,15,,,,77.025,9.925,394.3444519042969,,nested_downstream
15021_6,15,,,,76.775,10.175,393.9776611328125,,nested_downstream
06007_0,06,,,,86.925,21.575,4465.7470703125,,nested_upstream
06007_1,06,,,,86.725,21.875,1886.311279296875,,nested_downstream
06007_2,06,,,,86.825,21.575,1577.0465087890625,,nested_downstream
06007_3,06,,,,86.675,21.975,1514.605224609375,,nested_downstream
06007_4,06,,,,86.625,21.575,1261.5963134765625,,nested_downstream
06007_5,06,,,,86.775,21.675,429.52325439453125,,nested_downstream
06007_6,06,,,,86.425,22.025,314.64288330078125,,nested_downstream
06007_7,06,,,,86.525,21.475,315.6715393066406,,nested_downstream
08031_0,08,,,,83.525,20.975,4545.04931640625,,nested_upstream
08031_1,08,,,,83.175,20.975,3221.809326171875,,nested_downstream
08031_2,08,,,,82.875,21.075,1065.322998046875,,nested_downstream
08031_3,08,,,,83.025,21.125,1034.31103515625,,nested_downstream
08031_4,08,,,,82.775,20.975,748.9087524414062,,nested_downstream
08031_5,08,,,,83.325,21.025,316.1868591308594,,nested_downstream
08031_6,08,,,,82.725,20.875,432.2402648925781,,nested_downstream
08031_7,08,,,,83.075,20.975,431.8285217285156,,nested_downstream
17011_0,17,,,,77.825,8.675,4775.22802734375,,nested_upstream
17011_1,17,,,,77.775,8.775,2099.5615234375,,nested_downstream
17011_2,17,,,,77.625,8.925,1307.359130859375,,nested_downstream
17011_3,17,,,,77.475,8.725,1125.82177734375,,nested_downstream
17011_4,17,,,,77.525,8.925,942.5305786132812,,nested_downstream
17011_5,17,,,,77.825,8.875,668.7716064453125,,nested_downstream
17011_6,17,,,,77.375,8.675,334.7326965332031,,nested_downstream
17011_7,17,,,,77.375,8.975,334.45574951171875,,nested_downstream
17011_8,17,,,,77.675,9.075,334.3240051269531,,nested_downstream
08021_0,08,,,,83.225,21.975,4701.046875,,nested_upstream
08021_1,08,,,,83.025,22.275,3302.387939453125,,nested_downstream
08021_2,08,,,,83.125,22.425,2446.8134765625,,nested_downstream
08021_3,08,,,,83.375,22.625,1080.1083984375,,nested_downstream
08021_4,08,,,,83.175,22.075,884.6522216796875,,nested_downstream
08021_5,08,,,,83.475,22.725,738.6693725585938,,nested_downstream
08021_6,08,,,,83.225,22.525,398.3705749511719,,nested_downstream
08021_7,08,,,,83.325,22.225,513.3604736328125,,nested_downstream
05001_0,05,,,,76.425,12.625,5281.6337890625,,nested_upstream
05001_1,05,,,,76.375,12.725,4861.154296875,,nested_downstream
05001_2,05,,,,76.075,12.825,3090.343505859375,,nested_downstream
05001_3,05,,,,76.025,12.825,1470.7080078125,,nested_downstream
05001_4,05,,,,76.025,12.975,1049.42236328125,,nested_downstream
05001_5,05,,,,75.825,12.825,1020.2376098632812,,nested_downstream
05001_6,05,,,,75.925,13.075,719.448974609375,,nested_downstream
05001_7,05,,,,76.275,12.875,420.0361633300781,,nested_downstream
05001_8,05,,,,75.775,12.975,689.947998046875,,nested_downstream
05001_9,05,,,,76.375,12.875,480.13323974609375,,nested_downstream
05001_10,05,,,,75.675,13.075,329.9141845703125,,nested_downstream
04032_0,04,,,,75.575,14.925,5095.64111328125,,nested_upstream
04032_1,04,,,,75.475,14.925,4708.7353515625,,nested_downstream
04032_2,04,,,,75.225,14.675,2564.998046875,,nested_downstream
04032_3,04,,,,75.175,14.625,2177.48583984375,,nested_downstream
04032_4,04,,,,75.275,14.875,565.8002319335938,,nested_downstream
04032_5,04,,,,75.025,14.475,895.33203125,,nested_downstream
04032_6,04,,,,75.475,14.825,506.4515075683594,,nested_downstream
04032_7,04,,,,75.125,14.575,686.0474853515625,,nested_downstream
04032_8,04,,,,75.325,14.925,416.5245666503906,,nested_downstream
03081_0,03,,,,80.275,21.625,5422.3681640625,,nested_upstream
03081_1,03,,,,80.375,21.575,1460.9180908203125,,nested_downstream
03081_2,03,,,,80.375,21.475,2298.97509765625,,nested_downstream
03081_3,03,,,,80.625,21.525,1145.593505859375,,nested_downstream
03081_4,03,,,,80.275,21.675,801.6795654296875,,nested_downstream
03081_5,03,,,,80.325,21.525,602.7699584960938,,nested_downstream
03081_6,03,,,,80.475,21.775,486.6166076660156,,nested_downstream
03081_7,03,,,,80.675,21.825,343.2433776855469,,nested_downstream
03069_0,03,,,,74.825,19.525,5725.4482421875,,nested_upstream
03069_1,03,,,,74.775,19.525,2729.7841796875,,nested_downstream
03069_2,03,,,,74.675,19.375,2617.753662109375,,nested_downstream
03069_3,03,,,,74.675,19.575,2410.2373046875,,nested_downstream
03069_4,03,,,,74.475,19.525,2061.7578125,,nested_downstream
03069_5,03,,,,74.325,19.325,1308.620849609375,,nested_downstream
03069_6,03,,,,74.225,19.575,1509.829833984375,,nested_downstream
03069_7,03,,,,74.175,19.325,610.4059448242188,,nested_downstream
03069_8,03,,,,73.925,19.575,464.65673828125,,nested_downstream
03069_9,03,,,,74.475,19.275,320.18157958984375,,nested_downstream
05018_0,05,,,,77.475,11.525,5613.9208984375,,nested_upstream
05018_1,05,,,,77.325,11.475,5101.0478515625,,nested_downstream
05018_2,05,,,,77.075,11.475,4165.55322265625,,nested_downstream
05018_3,05,,,,77.025,11.525,1689.315673828125,,nested_downstream
05018_4,05,,,,76.875,11.575,1236.80126953125,,nested_downstream
05018_5,05,,,,77.025,11.325,2144.260498046875,,nested_downstream
05018_6,05,,,,76.825,11.275,1298.7877197265625,,nested_downstream
05018_7,05,,,,76.625,11.625,482.6773376464844,,nested_downstream
05018_8,05,,,,76.725,11.175,876.0791015625,,nested_downstream
05018_9,05,,,,77.275,11.425,452.78472900390625,,nested_downstream
17015_0,17,,,,78.525,9.575,5791.126953125,,nested_upstream
17015_1,17,,,,77.525,9.975,758.4705810546875,,nested_downstream
17015_2,17,,,,77.425,9.925,606.8182983398438,,nested_downstream
17015_3,17,,,,78.425,9.775,485.1504211425781,,nested_downstream
17015_4,17,,,,77.625,10.075,393.959228515625,,nested_downstream
17015_5,17,,,,78.175,9.925,394.055419921875,,nested_downstream
15016_0,15,,,,76.025,10.875,5716.95068359375,,nested_upstream
15016_1,15,,,,76.325,10.725,4265.8134765625,,nested_downstream
15016_2,15,,,,76.125,10.875,937.0340576171875,,nested_downstream
15016_3,15,,,,76.575,10.825,1270.067626953125,,nested_downstream
15016_4,15,,,,76.425,10.725,1089.40478515625,,nested_downstream
15016_5,15,,,,76.975,10.575,363.2547302246094,,nested_downstream
15016_6,15,,,,76.725,10.775,937.454345703125,,nested_downstream
15016_7,15,,,,76.925,10.575,393.5802307128906,,nested_downstream
15016_8,15,,,,76.825,10.775,574.6214599609375,,nested_downstream
15016_9,15,,,,76.375,10.925,604.4799194335938,,nested_downstream
15016_10,15,,,,76.475,10.625,363.1974792480469,,nested_downstream
08036_0,08,,,,84.025,22.125,5863.74365234375,,nested_upstream
08036_1,08,,,,84.075,22.275,5435.568359375,,nested_downstream
08036_2,08,,,,83.975,22.325,5093.39453125,,nested_downstream
08036_3,08,,,,83.875,22.675,1365.4078369140625,,nested_downstream
08036_4,08,,,,83.875,22.725,1419.8634033203125,,nested_downstream
08036_5,08,,,,83.675,22.625,910.1158447265625,,nested_downstream
08036_6,08,,,,83.925,22.375,1112.064208984375,,nested_downstream
08036_7,08,,,,83.825,22.825,567.96435546875,,nested_downstream
08036_8,08,,,,83.875,23.075,312.0377502441406,,nested_downstream
09011_0,09,,,,77.975,14.625,5942.52392578125,,nested_upstream
09011_1,09,,,,77.775,14.325,2301.596435546875,,nested_downstream
09011_2,09,,,,77.975,14.475,2030.42626953125,,nested_downstream
09011_3,09,,,,77.775,14.025,1286.1951904296875,,nested_downstream
09011_4,09,,,,77.725,13.875,957.4203491210938,,nested_downstream
09011_5,09,,,,78.075,14.225,985.8861083984375,,nested_downstream
09011_6,09,,,,77.775,14.475,536.9821166992188,,nested_downstream
09011_7,09,,,,77.925,14.425,567.0631103515625,,nested_downstream
09011_8,09,,,,77.775,13.725,598.57177734375,,nested_downstream
09011_9,09,,,,78.075,14.125,388.43096923828125,,nested_downstream
09011_10,09,,,,77.725,14.175,477.8827819824219,,nested_downstream
16012_0,16,,,,84.875,19.525,7105.95458984375,,nested_upstream
16012_1,16,,,,84.625,19.625,1943.57373046875,,nested_downstream
16012_2,16,,,,84.475,19.775,1624.2994384765625,,nested_downstream
16012_3,16,,,,84.675,19.725,2432.521484375,,nested_downstream
16012_4,16,,,,84.725,19.475,1220.96728515625,,nested_downstream
16012_5,16,,,,84.625,19.875,2113.53076171875,,nested_downstream
16012_6,16,,,,84.725,19.575,492.8975830078125,,nested_downstream
16012_7,16,,,,84.575,19.425,756.0127563476562,,nested_downstream
16012_8,16,,,,84.275,19.825,405.9533386230469,,nested_downstream
16012_9,16,,,,84.575,19.925,637.185791015625,,nested_downstream
16012_10,16,,,,84.675,19.875,434.509033203125,,nested_downstream
16012_11,16,,,,84.775,19.575,348.1704406738281,,nested_downstream
16012_12,16,,,,84.425,19.725,609.5899658203125,,nested_downstream
16012_13,16,,,,84.675,20.025,405.1552734375,,nested_downstream
05028_0,05,,,,76.875,12.225,7049.5908203125,,nested_upstream
05028_1,05,,,,76.475,12.075,4821.1455078125,,nested_downstream
05028_2,05,,,,76.275,11.975,2019.578857421875,,nested_downstream
05028_3,05,,,,76.525,12.075,1326.2935791015625,,nested_downstream
05028_4,05,,,,76.175,11.875,1627.9114990234375,,nested_downstream
05028_5,05,,,,76.675,12.075,1114.830322265625,,nested_downstream
05028_6,05,,,,76.425,11.875,964.82763671875,,nested_downstream
05028_7,05,,,,76.325,12.075,602.150390625,,nested_downstream
05028_8,05,,,,76.725,11.975,753.418701171875,,nested_downstream
05028_9,05,,,,76.025,11.775,421.96533203125,,nested_downstream
05028_10,05,,,,76.075,11.725,723.761474609375,,nested_downstream
05028_11,05,,,,76.425,11.725,633.28271484375,,nested_downstream
05028_12,05,,,,76.725,12.225,330.9665832519531,,nested_downstream
05028_13,05,,,,76.725,11.825,361.7296142578125,,nested_downstream
09005_0,09,,,,78.675,14.575,7052.205078125,,nested_upstream
09005_1,09,,,,78.475,14.275,5113.626953125,,nested_downstream
09005_2,09,,,,78.475,14.075,4128.25732421875,,nested_downstream
09005_3,09,,,,78.425,13.925,1556.0333251953125,,nested_downstream
09005_4,09,,,,78.225,13.875,1615.7481689453125,,nested_downstream
09005_5,09,,,,78.375,13.825,1167.256103515625,,nested_downstream
09005_6,09,,,,78.275,13.725,838.2056274414062,,nested_downstream
09005_7,09,,,,78.475,14.475,1461.2686767578125,,nested_downstream
09005_8,09,,,,78.125,13.675,628.7344360351562,,nested_downstream
09005_9,09,,,,78.525,14.025,388.6455993652344,,nested_downstream
09005_10,09,,,,78.125,13.875,508.35614013671875,,nested_downstream
09005_11,09,,,,78.425,14.225,477.7034912109375,,nested_downstream
17009_0,17,,,,79.425,11.425,7118.94287109375,,nested_upstream
17009_1,17,,,,79.375,11.475,2381.835205078125,,nested_downstream
17009_2,17,,,,79.175,11.575,1899.26806640625,,nested_downstream
17009_3,17,,,,78.775,11.575,1567.988525390625,,nested_downstream
17009_4,17,,,,78.875,11.375,1056.339111328125,,nested_downstream
17009_5,17,,,,79.125,11.625,663.025146484375,,nested_downstream
17009_6,17,,,,79.075,11.325,483.071533203125,,nested_downstream
17009_7,17,,,,79.075,11.575,572.9882202148438,,nested_downstream
17009_8,17,,,,79.275,11.475,452.6138610839844,,nested_downstream
17009_9,17,,,,78.775,11.375,332.0438537597656,,nested_downstream
17009_10,17,,,,79.225,11.325,362.3305358886719,,nested_downstream
16007_0,16,,,,83.825,18.875,7876.4267578125,,nested_upstream
16007_1,16,,,,83.775,19.075,7439.29248046875,,nested_downstream
16007_2,16,,,,83.775,19.275,5226.9072265625,,nested_downstream
16007_3,16,,,,83.825,19.325,1743.5423583984375,,nested_downstream
16007_4,16,,,,83.875,19.125,1310.099609375,,nested_downstream
16007_5,16,,,,84.075,19.525,813.451171875,,nested_downstream
16007_6,16,,,,84.025,19.225,640.2508544921875,,nested_downstream
16007_7,16,,,,83.775,19.575,667.5061645507812,,nested_downstream
16007_8,16,,,,83.725,19.575,725.1392211914062,,nested_downstream
16007_9,16,,,,84.175,19.475,435.934326171875,,nested_downstream
16007_10,16,,,,83.925,19.325,348.9601745605469,,nested_downstream
16007_11,16,,,,83.475,19.775,347.9930114746094,,nested_downstream
16007_12,16,,,,83.775,19.125,407.5814208984375,,nested_downstream
16007_13,16,,,,83.925,19.675,319.09722900390625,,nested_downstream
16007_14,16,,,,83.525,19.575,319.54693603515625,,nested_downstream
05027_0,05,,,,77.175,12.425,8101.642578125,,nested_upstream
05027_1,05,,,,77.025,12.675,6208.66748046875,,nested_downstream
05027_2,05,,,,76.975,12.775,5788.16455078125,,nested_downstream
05027_3,05,,,,76.925,12.825,5457.9501953125,,nested_downstream
05027_4,05,,,,76.875,12.925,4917.4462890625,,nested_downstream
05027_5,05,,,,76.775,13.175,1289.207763671875,,nested_downstream
05027_6,05,,,,77.175,12.525,840.9926147460938,,nested_downstream
05027_7,05,,,,76.625,13.175,869.516357421875,,nested_downstream
05027_8,05,,,,76.825,12.925,660.2176513671875,,nested_downstream
05027_9,05,,,,76.875,13.125,419.76361083984375,,nested_downstream
05027_10,05,,,,76.925,12.975,749.9742431640625,,nested_downstream
05027_11,05,,,,76.925,13.275,958.7754516601562,,nested_downstream
05027_12,05,,,,76.475,13.175,479.7484130859375,,nested_downstream
05027_13,05,,,,77.175,12.725,450.33642578125,,nested_downstream
05027_14,05,,,,77.025,12.525,420.8067932128906,,nested_downstream
04030_0,04,,,,77.175,17.225,8347.4716796875,,nested_upstream
04030_1,04,,,,77.125,17.225,3141.803955078125,,nested_downstream
04030_2,04,,,,76.925,17.525,2113.01513671875,,nested_downstream
04030_3,04,,,,77.425,17.425,1644.781005859375,,nested_downstream
04030_4,04,,,,76.725,17.675,1202.6856689453125,,nested_downstream
04030_5,04,,,,77.225,17.525,616.472412109375,,nested_downstream
04030_6,04,,,,77.525,17.275,1735.9583740234375,,nested_downstream
04030_7,04,,,,77.275,17.175,559.7000732421875,,nested_downstream
04030_8,04,,,,76.625,17.775,791.9381103515625,,nested_downstream
04030_9,04,,,,77.425,17.525,587.5925903320312,,nested_downstream
04030_10,04,,,,77.625,17.225,1382.7720947265625,,nested_downstream
04030_11,04,,,,76.525,17.775,410.62713623046875,,nested_downstream
04030_12,04,,,,77.675,17.225,441.6222839355469,,nested_downstream
04030_13,04,,,,76.925,17.575,352.2667541503906,,nested_downstream
04030_14,04,,,,77.125,17.375,323.29864501953125,,nested_downstream
04030_15,04,,,,77.725,17.325,382.176513671875,,nested_downstream
09001_0,09,,,,78.675,14.725,8317.890625,,nested_upstream
09001_1,09,,,,78.625,14.825,7960.591796875,,nested_downstream
09001_2,09,,,,78.375,15.425,2580.68896484375,,nested_downstream
09001_3,09,,,,78.575,14.975,1782.8583984375,,nested_downstream
09001_4,09,,,,78.525,15.525,800.531005859375,,nested_downstream
09001_5,09,,,,78.525,15.175,1009.7743530273438,,nested_downstream
09001_6,09,,,,78.425,15.625,860.150390625,,nested_downstream
09001_7,09,,,,78.375,15.675,415.3490905761719,,nested_downstream
09001_8,09,,,,78.275,15.275,683.2155151367188,,nested_downstream
09001_9,09,,,,78.575,15.275,653.2166748046875,,nested_downstream
09001_10,09,,,,78.425,14.925,714.10693359375,,nested_downstream
09001_11,09,,,,78.575,15.675,385.330322265625,,nested_downstream
09001_12,09,,,,78.325,15.125,832.3465576171875,,nested_downstream
09001_13,09,,,,78.225,15.225,505.2889099121094,,nested_downstream
09001_14,09,,,,78.275,14.975,327.2349853515625,,nested_downstream
09001_15,09,,,,78.625,15.425,326.4828796386719,,nested_downstream
03048_0,03,,,,80.175,21.925,8332.921875,,nested_upstream
03048_1,03,,,,80.075,22.075,6732.16796875,,nested_downstream
03048_2,03,,,,80.075,22.275,5075.55810546875,,nested_downstream
03048_3,03,,,,79.725,22.425,2767.151123046875,,nested_downstream
03048_4,03,,,,79.575,22.375,1855.0655517578125,,nested_downstream
03048_5,03,,,,79.975,22.175,914.3341064453125,,nested_downstream
03048_6,03,,,,80.075,22.425,1167.68115234375,,nested_downstream
03048_7,03,,,,80.175,22.025,829.035888671875,,nested_downstream
03048_8,03,,,,79.425,22.375,627.305419921875,,nested_downstream
03048_9,03,,,,80.025,22.475,854.188720703125,,nested_downstream
03048_10,03,,,,79.825,22.125,400.2573547363281,,nested_downstream
03048_11,03,,,,80.275,22.075,371.50921630859375,,nested_downstream
03048_12,03,,,,79.875,22.325,370.9742126464844,,nested_downstream
03048_13,03,,,,79.275,22.425,313.6527404785156,,nested_downstream
08029_0,08,,,,81.875,20.975,8520.7021484375,,nested_upstream
08029_1,08,,,,81.775,20.825,4738.28271484375,,nested_downstream
08029_2,08,,,,81.575,20.625,3930.79150390625,,nested_downstream
08029_3,08,,,,81.875,20.925,3321.64892578125,,nested_downstream
08029_4,08,,,,81.425,20.475,2660.30712890625,,nested_downstream
08029_5,08,,,,82.025,20.675,3004.61572265625,,nested_downstream
08029_6,08,,,,82.075,20.675,1241.42138671875,,nested_downstream
08029_7,08,,,,82.225,20.575,924.1651000976562,,nested_downstream
08029_8,08,,,,81.625,20.575,548.7059936523438,,nested_downstream
08029_9,08,,,,81.475,20.325,404.8472595214844,,nested_downstream
08029_10,08,,,,81.525,20.275,549.7269897460938,,nested_downstream
08029_11,08,,,,82.325,20.525,491.1649169921875,,nested_downstream
07002_0,07,,,,86.125,21.225,8705.599609375,,nested_upstream
07002_1,07,,,,85.975,21.575,6811.74560546875,,nested_downstream
07002_2,07,,,,85.825,21.925,1229.95166015625,,nested_downstream
07002_3,07,,,,85.625,21.975,830.2108154296875,,nested_downstream
07002_4,07,,,,85.875,21.775,601.3014526367188,,nested_downstream
07002_5,07,,,,85.975,21.975,886.7671508789062,,nested_downstream
07002_6,07,,,,86.025,21.325,516.8982543945312,,nested_downstream
07002_7,07,,,,85.825,21.675,573.5244750976562,,nested_downstream
07002_8,07,,,,85.475,22.075,314.5250549316406,,nested_downstream
07002_9,07,,,,85.525,21.825,515.5775756835938,,nested_downstream
07002_10,07,,,,86.125,21.925,429.26959228515625,,nested_downstream
07002_11,07,,,,85.725,22.075,428.3938903808594,,nested_downstream
07002_12,07,,,,85.925,21.525,401.56182861328125,,nested_downstream
05014_0,05,,,,77.975,10.875,8685.5693359375,,nested_upstream
05014_1,05,,,,77.825,10.875,5295.5595703125,,nested_downstream
05014_2,05,,,,77.975,10.825,2210.018798828125,,nested_downstream
05014_3,05,,,,77.975,10.625,1877.2783203125,,nested_downstream
05014_4,05,,,,77.925,10.525,1544.3829345703125,,nested_downstream
05014_5,05,,,,77.925,10.775,726.3364868164062,,nested_downstream
05014_6,05,,,,77.375,10.475,1120.6837158203125,,nested_downstream
05014_7,05,,,,77.475,10.775,1179.6029052734375,,nested_downstream
05014_8,05,,,,77.525,10.625,817.5416870117188,,nested_downstream
05014_9,05,,,,77.575,10.725,514.4720458984375,,nested_downstream
05014_10,05,,,,77.675,10.925,513.8665771484375,,nested_downstream
05014_11,05,,,,77.275,10.375,757.329345703125,,nested_downstream
05014_12,05,,,,77.325,10.775,846.960205078125,,nested_downstream
05014_13,05,,,,78.025,10.425,393.7359313964844,,nested_downstream
05014_14,05,,,,77.475,10.425,484.5887451171875,,nested_downstream
13004_0,13,,,,76.225,21.325,8971.396484375,,nested_upstream
13004_1,13,,,,76.425,21.425,7880.48291015625,,nested_downstream
13004_2,13,,,,76.575,21.425,7478.87255859375,,nested_downstream
13004_3,13,,,,76.675,21.475,7019.51220703125,,nested_downstream
13004_4,13,,,,76.775,21.525,6617.75830078125,,nested_downstream
13004_5,13,,,,76.925,21.625,5556.39794921875,,nested_downstream
13004_6,13,,,,77.125,21.725,4151.87548828125,,nested_downstream
13004_7,13,,,,77.375,21.775,2663.017578125,,nested_downstream
13004_8,13,,,,77.525,21.825,2176.137451171875,,nested_downstream
13004_9,13,,,,76.925,21.575,831.7345581054688,,nested_downstream
13004_10,13,,,,77.825,21.775,1374.8577880859375,,nested_downstream
13004_11,13,,,,76.825,21.525,660.1076049804688,,nested_downstream
13004_12,13,,,,76.325,21.325,459.5700988769531,,nested_downstream
13004_13,13,,,,77.175,21.775,343.2923583984375,,nested_downstream
13004_14,13,,,,77.175,21.525,458.97601318359375,,nested_downstream
13004_15,13,,,,78.025,21.675,601.515380859375,,nested_downstream
13004_16,13,,,,77.825,21.725,343.7801513671875,,nested_downstream
13004_17,13,,,,77.575,21.825,371.8536071777344,,nested_downstream
16014_0,16,,,,83.875,18.325,8921.513671875,,nested_upstream
16014_1,16,,,,83.425,19.025,2937.326416015625,,nested_downstream
16014_2,16,,,,83.625,18.575,2453.603515625,,nested_downstream
16014_3,16,,,,83.575,18.575,1052.085205078125,,nested_downstream
16014_4,16,,,,83.425,19.275,1540.0072021484375,,nested_downstream
16014_5,16,,,,83.425,18.875,933.1055908203125,,nested_downstream
16014_6,16,,,,83.425,18.525,730.6576538085938,,nested_downstream
16014_7,16,,,,83.425,18.675,1080.333251953125,,nested_downstream
16014_8,16,,,,83.375,19.375,1220.145751953125,,nested_downstream
16014_9,16,,,,83.625,18.675,554.1517944335938,,nested_downstream
16014_10,16,,,,83.375,19.175,844.2782592773438,,nested_downstream
16014_11,16,,,,83.275,18.925,583.1834716796875,,nested_downstream
16014_12,16,,,,83.325,19.175,378.3015441894531,,nested_downstream
16014_13,16,,,,83.725,18.625,321.143310546875,,nested_downstream
08003_0,08,,,,82.675,21.925,9918.90234375,,nested_upstream
08003_1,08,,,,82.625,22.125,9518.921875,,nested_downstream
08003_2,08,,,,82.725,22.275,9176.44921875,,nested_downstream
08003_3,08,,,,82.675,22.475,7694.6123046875,,nested_downstream
08003_4,08,,,,82.575,22.875,5134.07080078125,,nested_downstream
08003_5,08,,,,82.425,22.875,2693.895751953125,,nested_downstream
08003_6,08,,,,82.225,23.175,1075.75830078125,,nested_downstream
08003_7,08,,,,82.575,22.925,2042.5277099609375,,nested_downstream
08003_8,08,,,,82.675,22.675,967.41455078125,,nested_downstream
08003_9,08,,,,82.625,22.375,911.6240234375,,nested_downstream
08003_10,08,,,,82.575,22.625,739.6171875,,nested_downstream
08003_11,08,,,,82.275,23.325,679.1415405273438,,nested_downstream
08003_12,08,,,,82.325,22.975,823.7456665039062,,nested_downstream
08003_13,08,,,,82.625,22.975,511.25726318359375,,nested_downstream
08003_14,08,,,,82.275,22.925,312.693603515625,,nested_downstream
08003_15,08,,,,82.625,23.075,567.3685913085938,,nested_downstream
08003_16,08,,,,82.525,23.175,396.57513427734375,,nested_downstream
08003_17,08,,,,82.825,22.725,312.7344665527344,,nested_downstream
08003_18,08,,,,82.375,22.725,341.4085998535156,,nested_downstream
08003_19,08,,,,82.575,22.375,342.0236511230469,,nested_downstream
08003_20,08,,,,82.425,23.375,367.8095703125,,nested_downstream
04006_0,04,,,,75.725,15.875,10262.87109375,,nested_upstream
04006_1,04,,,,75.575,15.825,4090.10986328125,,nested_downstream
04006_2,04,,,,75.325,15.925,3053.19970703125,,nested_downstream
04006_3,04,,,,75.225,15.925,2727.485595703125,,nested_downstream
04006_4,04,,,,75.125,15.825,2342.39892578125,,nested_downstream
04006_5,04,,,,75.475,15.675,4037.4267578125,,nested_downstream
04006_6,04,,,,74.925,15.775,1868.246826171875,,nested_downstream
04006_7,04,,,,75.325,15.575,1335.0465087890625,,nested_downstream
04006_8,04,,,,75.175,15.625,949.4889526367188,,nested_downstream
04006_9,04,,,,75.675,15.775,801.1596069335938,,nested_downstream
04006_10,04,,,,75.275,15.275,445.9584655761719,,nested_downstream
04006_11,04,,,,75.775,15.825,711.6377563476562,,nested_downstream
04006_12,04,,,,74.425,15.675,355.80133056640625,,nested_downstream
04006_13,04,,,,75.075,15.625,623.0482788085938,,nested_downstream
04006_14,04,,,,75.475,15.625,445.2939453125,,nested_downstream
04006_15,04,,,,75.425,15.825,355.6374816894531,,nested_downstream
04006_16,04,,,,75.625,15.575,474.9375305175781,,nested_downstream
04006_17,04,,,,75.875,15.775,326.1583251953125,,nested_downstream
03085_0,03,,,,77.025,18.075,10438.10546875,,nested_upstream
03085_1,03,,,,76.675,18.325,5783.33251953125,,nested_downstream
03085_2,03,,,,76.925,18.075,3162.308349609375,,nested_downstream
03085_3,03,,,,76.475,18.525,3854.1240234375,,nested_downstream
03085_4,03,,,,76.375,18.525,3503.5537109375,,nested_downstream
03085_5,03,,,,76.825,18.075,2752.003662109375,,nested_downstream
03085_6,03,,,,76.325,18.575,3182.067626953125,,nested_downstream
03085_7,03,,,,76.225,18.575,2860.916259765625,,nested_downstream
03085_8,03,,,,76.125,18.575,2539.6806640625,,nested_downstream
03085_9,03,,,,76.625,18.025,2400.477783203125,,nested_downstream
03085_10,03,,,,76.375,18.075,1668.1097412109375,,nested_downstream
03085_11,03,,,,76.325,18.125,1287.3896484375,,nested_downstream
03085_12,03,,,,75.725,18.675,758.6942749023438,,nested_downstream
03085_13,03,,,,76.225,18.225,936.0181884765625,,nested_downstream
03085_14,03,,,,76.675,18.475,671.7049560546875,,nested_downstream
03085_15,03,,,,76.125,18.325,526.3746337890625,,nested_downstream
03085_16,03,,,,76.625,18.375,702.0611572265625,,nested_downstream
03085_17,03,,,,75.575,18.675,437.57623291015625,,nested_downstream
03085_18,03,,,,76.575,18.625,321.1180725097656,,nested_downstream
03085_19,03,,,,76.875,18.275,409.3296203613281,,nested_downstream
03085_20,03,,,,76.475,18.325,351.0018310546875,,nested_downstream
04022_0,04,,,,80.325,16.725,10169.3125,,nested_upstream
04022_1,04,,,,80.225,16.975,6400.4814453125,,nested_downstream
04022_2,04,,,,80.175,17.125,6076.51318359375,,nested_downstream
04022_3,04,,,,80.075,17.325,2407.281494140625,,nested_downstream
04022_4,04,,,,79.925,17.475,2054.4609375,,nested_downstream
04022_5,04,,,,79.775,17.525,1555.0955810546875,,nested_downstream
04022_6,04,,,,80.375,16.775,3356.05419921875,,nested_downstream
04022_7,04,,,,79.725,17.725,1026.555908203125,,nested_downstream
04022_8,04,,,,80.025,17.675,1700.90625,,nested_downstream
04022_9,04,,,,80.375,17.025,1441.5013427734375,,nested_downstream
04022_10,04,,,,80.425,16.825,1443.0733642578125,,nested_downstream
04022_11,04,,,,79.925,17.725,615.9927978515625,,nested_downstream
04022_12,04,,,,79.525,17.825,586.4598388671875,,nested_downstream
04022_13,04,,,,79.925,17.825,703.4901123046875,,nested_downstream
04022_14,04,,,,80.125,17.575,557.592529296875,,nested_downstream
04022_15,04,,,,80.525,17.025,1089.3719482421875,,nested_downstream
04022_16,04,,,,80.375,17.275,470.3401184082031,,nested_downstream
04022_17,04,,,,80.175,17.425,323.1486511230469,,nested_downstream
04022_18,04,,,,80.425,17.075,559.1287231445312,,nested_downstream
04022_19,04,,,,79.925,17.925,351.7452087402344,,nested_downstream
03094_0,03,,,,79.225,21.225,11275.736328125,,nested_upstream
03094_1,03,,,,79.175,21.325,5031.16943359375,,nested_downstream
03094_2,03,,,,79.175,21.575,4629.501953125,,nested_downstream
03094_3,03,,,,79.225,21.725,4285.6640625,,nested_downstream
03094_4,03,,,,78.975,21.425,4780.07080078125,,nested_downstream
03094_5,03,,,,79.275,21.875,3970.756591796875,,nested_downstream
03094_6,03,,,,78.875,21.525,4407.21630859375,,nested_downstream
03094_7,03,,,,79.325,21.975,3627.532958984375,,nested_downstream
03094_8,03,,,,79.175,21.925,3313.017822265625,,nested_downstream
03094_9,03,,,,78.725,21.825,2201.437744140625,,nested_downstream
03094_10,03,,,,79.125,21.925,1086.3212890625,,nested_downstream
03094_11,03,,,,79.125,22.125,1540.99853515625,,nested_downstream
03094_12,03,,,,78.625,21.925,1886.6768798828125,,nested_downstream
03094_13,03,,,,78.825,21.625,1060.182861328125,,nested_downstream
03094_14,03,,,,79.125,21.225,976.3532104492188,,nested_downstream
03094_15,03,,,,78.925,21.925,657.2963256835938,,nested_downstream
03094_16,03,,,,78.625,22.075,456.88543701171875,,nested_downstream
03094_17,03,,,,78.975,21.375,401.811767578125,,nested_downstream
03094_18,03,,,,78.775,22.225,427.9767761230469,,nested_downstream
03094_19,03,,,,78.875,22.025,342.8497314453125,,nested_downstream
03094_20,03,,,,78.925,21.675,458.2210693359375,,nested_downstream
04007_0,04,,,,79.675,16.775,11526.8115234375,,nested_upstream
04007_1,04,,,,79.575,17.125,9995.11328125,,nested_downstream
04007_2,04,,,,79.475,17.275,9671.408203125,,nested_downstream
04007_3,04,,,,79.175,17.375,6323.1416015625,,nested_downstream
04007_4,04,,,,79.025,17.375,5970.23583984375,,nested_downstream
04007_5,04,,,,78.675,17.425,3000.3603515625,,nested_downstream
04007_6,04,,,,79.425,17.375,2730.674072265625,,nested_downstream
04007_7,04,,,,78.925,17.425,998.6200561523438,,nested_downstream
04007_8,04,,,,78.375,17.375,911.5125732421875,,nested_downstream
04007_9,04,,,,78.825,17.325,1353.9364013671875,,nested_downstream
04007_10,04,,,,79.575,16.975,677.1387939453125,,nested_downstream
04007_11,04,,,,78.775,17.575,675.392333984375,,nested_downstream
04007_12,04,,,,78.325,17.275,1177.3831787109375,,nested_downstream
04007_13,04,,,,79.375,17.525,675.0574340820312,,nested_downstream
04007_14,04,,,,78.125,17.425,499.8617248535156,,nested_downstream
04007_15,04,,,,78.275,17.225,441.6455078125,,nested_downstream
04007_16,04,,,,79.075,17.675,821.7271118164062,,nested_downstream
04007_17,04,,,,79.175,17.475,381.9483947753906,,nested_downstream
04007_18,04,,,,79.325,17.675,322.7508544921875,,nested_downstream
04007_19,04,,,,79.375,17.125,323.7284240722656,,nested_downstream
04007_20,04,,,,78.575,17.125,412.3185729980469,,nested_downstream
04061_0,04,,,,75.875,17.525,11928.068359375,,nested_upstream
04061_1,04,,,,75.725,17.725,10754.2197265625,,nested_downstream
04061_2,04,,,,75.675,17.825,10372.8291015625,,nested_downstream
04061_3,04,,,,75.575,18.025,8263.595703125,,nested_downstream
04061_4,04,,,,75.325,18.375,5367.35205078125,,nested_downstream
04061_5,04,,,,75.175,18.625,3818.90966796875,,nested_downstream
04061_6,04,,,,74.925,18.875,1340.158935546875,,nested_downstream
04061_7,04,,,,75.675,17.925,1522.9027099609375,,nested_downstream
04061_8,04,,,,75.075,18.775,1019.8400268554688,,nested_downstream
04061_9,04,,,,75.825,17.625,704.149658203125,,nested_downstream
04061_10,04,,,,74.825,18.975,990.287841796875,,nested_downstream
04061_11,04,,,,75.475,18.225,1286.481689453125,,nested_downstream
04061_12,04,,,,75.225,18.625,379.317626953125,,nested_downstream
04061_13,04,,,,75.325,18.425,496.46575927734375,,nested_downstream
04061_14,04,,,,75.475,18.275,613.803466796875,,nested_downstream
04061_15,04,,,,74.775,19.025,553.2130737304688,,nested_downstream
04061_16,04,,,,75.225,18.425,438.33978271484375,,nested_downstream
04061_17,04,,,,75.775,18.025,410.1668395996094,,nested_downstream
04061_18,04,,,,75.925,17.775,322.58233642578125,,nested_downstream
04061_19,04,,,,75.075,18.875,349.7008056640625,,nested_downstream
04061_20,04,,,,75.825,18.125,322.0549621582031,,nested_downstream
09012_0,09,,,,77.975,14.925,12442.0927734375,,nested_upstream
09012_1,09,,,,77.475,14.925,7321.89697265625,,nested_downstream
09012_2,09,,,,77.325,14.825,6994.4658203125,,nested_downstream
09012_3,09,,,,77.275,14.625,6666.8017578125,,nested_downstream
09012_4,09,,,,77.325,14.525,6338.87841796875,,nested_downstream
09012_5,09,,,,77.275,14.425,6010.8232421875,,nested_downstream
09012_6,09,,,,77.375,14.225,5234.90966796875,,nested_downstream
09012_7,09,,,,77.425,14.075,4458.34130859375,,nested_downstream
09012_8,09,,,,77.775,14.825,2205.362548828125,,nested_downstream
09012_9,09,,,,77.475,13.925,3292.580810546875,,nested_downstream
09012_10,09,,,,77.625,14.725,1520.3173828125,,nested_downstream
09012_11,09,,,,77.675,14.975,1367.5596923828125,,nested_downstream
09012_12,09,,,,77.475,13.825,718.5385131835938,,nested_downstream
09012_13,09,,,,77.425,13.725,479.0220031738281,,nested_downstream
09012_14,09,,,,77.875,15.025,475.78106689453125,,nested_downstream
09012_15,09,,,,77.325,13.625,928.43896484375,,nested_downstream
09012_16,09,,,,77.375,14.025,538.115478515625,,nested_downstream
09012_17,09,,,,77.325,14.175,418.1888732910156,,nested_downstream
09012_18,09,,,,77.575,14.525,417.6799621582031,,nested_downstream
09012_19,09,,,,77.575,15.125,653.854248046875,,nested_downstream
09012_20,09,,,,77.675,15.025,356.7502746582031,,nested_downstream
09012_21,09,,,,77.325,13.525,539.2279663085938,,nested_downstream
09012_22,09,,,,77.525,13.875,538.441162109375,,nested_downstream
09012_23,09,,,,77.575,14.725,566.0869750976562,,nested_downstream
09012_24,09,,,,77.275,14.375,417.7711486816406,,nested_downstream
09012_25,09,,,,77.575,13.525,329.42657470703125,,nested_downstream
03098_0,03,,,,79.775,18.575,12963.2333984375,,nested_upstream
03098_1,03,,,,79.225,18.425,7404.30908203125,,nested_downstream
03098_2,03,,,,78.975,18.375,4301.7626953125,,nested_downstream
03098_3,03,,,,78.575,18.275,2225.767333984375,,nested_downstream
03098_4,03,,,,79.125,18.325,2050.50439453125,,nested_downstream
03098_5,03,,,,79.625,18.425,2489.16455078125,,nested_downstream
03098_6,03,,,,79.525,18.475,671.8558959960938,,nested_downstream
03098_7,03,,,,79.725,18.425,789.8627319335938,,nested_downstream
03098_8,03,,,,79.175,18.475,525.7757568359375,,nested_downstream
03098_9,03,,,,79.675,18.325,878.5335083007812,,nested_downstream
03098_10,03,,,,78.925,18.475,730.4414672851562,,nested_downstream
03098_11,03,,,,79.575,18.175,351.5505065917969,,nested_downstream
03098_12,03,,,,79.425,18.375,526.6056518554688,,nested_downstream
03098_13,03,,,,78.725,17.975,615.8480834960938,,nested_downstream
03098_14,03,,,,78.475,18.325,526.457275390625,,nested_downstream
03098_15,03,,,,79.075,17.975,586.2742309570312,,nested_downstream
03098_16,03,,,,79.025,18.125,351.428466796875,,nested_downstream
03098_17,03,,,,79.125,18.225,351.4201965332031,,nested_downstream
03098_18,03,,,,79.575,18.125,439.5396423339844,,nested_downstream
03098_19,03,,,,78.725,18.525,409.0555725097656,,nested_downstream
03098_20,03,,,,78.725,18.325,409.7255859375,,nested_downstream
03098_21,03,,,,79.775,18.125,468.7259216308594,,nested_downstream
03098_22,03,,,,78.575,18.125,351.4691467285156,,nested_downstream
17024_0,17,,,,79.425,11.875,13316.931640625,,nested_upstream
17024_1,17,,,,79.075,11.975,12052.337890625,,nested_downstream
17024_2,17,,,,78.175,12.475,5492.08349609375,,nested_downstream
17024_3,17,,,,78.575,12.225,1834.0535888671875,,nested_downstream
17024_4,17,,,,78.125,12.625,1470.9781494140625,,nested_downstream
17024_5,17,,,,78.575,12.125,933.7031860351562,,nested_downstream
17024_6,17,,,,77.775,13.175,1018.8270263671875,,nested_downstream
17024_7,17,,,,79.175,12.025,662.1487426757812,,nested_downstream
17024_8,17,,,,78.125,12.825,420.1304931640625,,nested_downstream
17024_9,17,,,,78.175,12.725,480.2440490722656,,nested_downstream
17024_10,17,,,,78.325,12.225,872.7161254882812,,nested_downstream
17024_11,17,,,,77.825,13.275,659.0963134765625,,nested_downstream
17024_12,17,,,,78.575,12.375,601.2188720703125,,nested_downstream
17024_13,17,,,,78.475,12.375,390.91143798828125,,nested_downstream
17024_14,17,,,,78.675,12.075,421.7337341308594,,nested_downstream
17024_15,17,,,,78.975,12.125,331.03875732421875,,nested_downstream
17024_16,17,,,,77.825,12.775,390.36846923828125,,nested_downstream
06006_0,06,,,,86.475,22.575,14323.97265625,,nested_upstream
06006_1,06,,,,86.325,22.725,13071.8681640625,,nested_downstream
06006_2,06,,,,86.175,22.825,12759.236328125,,nested_downstream
06006_3,06,,,,86.025,22.975,6037.37255859375,,nested_downstream
06006_4,06,,,,86.175,22.775,6210.53564453125,,nested_downstream
06006_5,06,,,,85.925,22.675,3593.691162109375,,nested_downstream
06006_6,06,,,,86.025,22.775,2104.76171875,,nested_downstream
06006_7,06,,,,85.975,23.025,1419.3206787109375,,nested_downstream
06006_8,06,,,,85.875,23.425,1131.902587890625,,nested_downstream
06006_9,06,,,,85.775,23.225,1048.938232421875,,nested_downstream
06006_10,06,,,,85.675,23.025,936.822265625,,nested_downstream
06006_11,06,,,,85.775,22.675,1166.7216796875,,nested_downstream
06006_12,06,,,,85.625,23.125,737.1484985351562,,nested_downstream
06006_13,06,,,,85.525,22.975,567.6561889648438,,nested_downstream
06006_14,06,,,,86.375,22.625,711.6926879882812,,nested_downstream
06006_15,06,,,,85.575,23.475,820.7062377929688,,nested_downstream
06006_16,06,,,,85.775,23.275,594.6702880859375,,nested_downstream
06006_17,06,,,,85.425,23.125,368.51727294921875,,nested_downstream
06006_18,06,,,,86.125,22.225,514.0964965820312,,nested_downstream
06006_19,06,,,,85.875,22.525,313.5423278808594,,nested_downstream
06006_20,06,,,,85.825,22.625,455.79693603515625,,nested_downstream
06006_21,06,,,,85.875,22.775,426.20111083984375,,nested_downstream
06006_22,06,,,,86.225,22.625,370.2030029296875,,nested_downstream
06006_23,06,,,,85.425,23.375,311.49896240234375,,nested_downstream
06006_24,06,,,,85.475,22.575,313.16009521484375,,nested_downstream
04013_0,04,,,,75.675,14.825,14403.279296875,,nested_upstream
04013_1,04,,,,75.725,14.775,13926.662109375,,nested_downstream
04013_2,04,,,,75.775,14.675,13598.9951171875,,nested_downstream
04013_3,04,,,,75.675,14.225,7361.33544921875,,nested_downstream
04013_4,04,,,,75.675,14.025,6375.6845703125,,nested_downstream
04013_5,04,,,,75.675,13.875,3144.22314453125,,nested_downstream
04013_6,04,,,,75.625,13.975,2783.139404296875,,nested_downstream
04013_7,04,,,,75.675,14.525,2208.696533203125,,nested_downstream
04013_8,04,,,,75.575,13.575,1767.8719482421875,,nested_downstream
04013_9,04,,,,75.525,14.425,1791.303955078125,,nested_downstream
04013_10,04,,,,75.775,14.475,2448.5498046875,,nested_downstream
04013_11,04,,,,75.425,13.725,1975.81201171875,,nested_downstream
04013_12,04,,,,75.425,14.375,1463.203369140625,,nested_downstream
04013_13,04,,,,75.475,13.375,869.31298828125,,nested_downstream
04013_14,04,,,,75.325,14.275,1134.966064453125,,nested_downstream
04013_15,04,,,,75.875,14.175,1195.1015625,,nested_downstream
04013_16,04,,,,75.875,14.375,656.59716796875,,nested_downstream
04013_17,04,,,,75.425,13.275,479.6588134765625,,nested_downstream
04013_18,04,,,,75.975,14.125,866.4790649414062,,nested_downstream
04013_19,04,,,,75.625,14.125,388.2972717285156,,nested_downstream
04013_20,04,,,,75.975,14.275,328.3729553222656,,nested_downstream
04013_21,04,,,,75.275,13.475,389.4913024902344,,nested_downstream
04013_22,04,,,,75.725,13.725,538.6026000976562,,nested_downstream
04013_23,04,,,,75.375,14.025,328.7935485839844,,nested_downstream
04013_24,04,,,,75.875,14.575,357.83624267578125,,nested_downstream
04013_25,04,,,,76.075,14.075,537.875732421875,,nested_downstream
04013_26,04,,,,75.625,13.525,359.3921813964844,,nested_downstream
04026_0,04,,,,74.625,16.675,15653.830078125,,nested_upstream
04026_1,04,,,,74.525,16.925,9932.4990234375,,nested_downstream
04026_2,04,,,,74.375,17.075,6285.82861328125,,nested_downstream
04026_3,04,,,,74.225,17.125,5932.45654296875,,nested_downstream
04026_4,04,,,,74.225,17.175,5608.62744140625,,nested_downstream
04026_5,04,,,,74.575,16.725,2626.75634765625,,nested_downstream
04026_6,04,,,,74.525,16.975,3234.21435546875,,nested_downstream
04026_7,04,,,,74.125,17.275,1851.2271728515625,,nested_downstream
04026_8,04,,,,74.575,17.025,2910.29296875,,nested_downstream
04026_9,04,,,,74.425,16.625,2302.201904296875,,nested_downstream
04026_10,04,,,,74.475,16.825,2092.076171875,,nested_downstream
04026_11,04,,,,74.125,17.425,3375.03515625,,nested_downstream
04026_12,04,,,,74.475,17.125,2527.6025390625,,nested_downstream
04026_13,04,,,,73.875,17.325,1174.623779296875,,nested_downstream
04026_14,04,,,,74.275,16.775,1948.0758056640625,,nested_downstream
04026_15,04,,,,74.275,16.925,1708.8021240234375,,nested_downstream
04026_16,04,,,,74.125,17.625,2023.6649169921875,,nested_downstream
04026_17,04,,,,73.775,17.475,821.7489624023438,,nested_downstream
04026_18,04,,,,74.475,17.425,1233.4683837890625,,nested_downstream
04026_19,04,,,,74.175,16.775,678.4013671875,,nested_downstream
04026_20,04,,,,74.475,17.525,851.4017944335938,,nested_downstream
04026_21,04,,,,74.125,16.925,1355.0699462890625,,nested_downstream
04026_22,04,,,,74.025,17.725,381.37506103515625,,nested_downstream
04026_23,04,,,,74.075,17.525,411.1065368652344,,nested_downstream
04026_24,04,,,,74.075,16.675,442.8544006347656,,nested_downstream
04026_25,04,,,,73.775,17.725,381.27880859375,,nested_downstream
04026_26,04,,,,74.125,17.725,351.9143371582031,,nested_downstream
04026_27,04,,,,74.375,17.625,440.24755859375,,nested_downstream
04026_28,04,,,,73.975,17.875,556.8692016601562,,nested_downstream
04026_29,04,,,,74.075,16.875,412.6405029296875,,nested_downstream
04026_30,04,,,,74.075,17.275,323.6973571777344,,nested_downstream
04026_31,04,,,,74.375,17.275,470.45770263671875,,nested_downstream
04026_32,04,,,,73.875,17.125,323.7825927734375,,nested_downstream
03079_0,03,,,,77.025,19.175,15477.9697265625,,nested_upstream
03079_1,03,,,,76.875,19.625,7785.45654296875,,nested_downstream
03079_2,03,,,,76.775,19.725,7466.24462890625,,nested_downstream
03079_3,03,,,,76.875,19.325,5716.60888671875,,nested_downstream
03079_4,03,,,,76.675,19.775,7118.1357421875,,nested_downstream
03079_5,03,,,,76.625,19.375,5367.7958984375,,nested_downstream
03079_6,03,,,,76.525,19.825,6625.33642578125,,nested_downstream
03079_7,03,,,,76.525,19.425,5047.97705078125,,nested_downstream
03079_8,03,,,,76.425,19.875,6277.38720703125,,nested_downstream
03079_9,03,,,,76.325,19.925,5929.6435546875,,nested_downstream
03079_10,03,,,,76.375,19.525,4176.3349609375,,nested_downstream
03079_11,03,,,,76.275,20.025,5524.0654296875,,nested_downstream
03079_12,03,,,,76.325,19.575,3856.86669921875,,nested_downstream
03079_13,03,,,,76.075,20.175,4655.63232421875,,nested_downstream
03079_14,03,,,,76.175,19.675,3479.5703125,,nested_downstream
03079_15,03,,,,75.875,19.725,1884.5030517578125,,nested_downstream
03079_16,03,,,,75.775,20.175,1127.3214111328125,,nested_downstream
03079_17,03,,,,75.625,20.125,955.0538330078125,,nested_downstream
03079_18,03,,,,75.825,20.225,462.325439453125,,nested_downstream
03079_19,03,,,,75.775,19.775,550.483154296875,,nested_downstream
03079_20,03,,,,76.875,19.425,842.1734619140625,,nested_downstream
03079_21,03,,,,75.975,20.225,462.4352111816406,,nested_downstream
03079_22,03,,,,76.025,20.225,664.5116577148438,,nested_downstream
03079_23,03,,,,76.025,19.725,434.81304931640625,,nested_downstream
03079_24,03,,,,76.475,19.425,523.13525390625,,nested_downstream
03079_25,03,,,,75.525,20.325,693.6165161132812,,nested_downstream
03079_26,03,,,,76.125,19.725,492.8268737792969,,nested_downstream
03079_27,03,,,,76.725,19.525,493.58001708984375,,nested_downstream
03079_28,03,,,,75.425,20.125,521.0584106445312,,nested_downstream
03079_29,03,,,,77.025,19.225,377.9979248046875,,nested_downstream
03079_30,03,,,,75.525,19.775,405.8732604980469,,nested_downstream
13025_0,13,,,,76.475,20.925,15870.36328125,,nested_upstream
13025_1,13,,,,77.425,20.825,3365.273193359375,,nested_downstream
13025_2,13,,,,77.475,20.925,1205.83203125,,nested_downstream
13025_3,13,,,,76.725,20.875,2540.822509765625,,nested_downstream
13025_4,13,,,,76.875,20.825,1010.01708984375,,nested_downstream
13025_5,13,,,,77.325,20.825,1414.839111328125,,nested_downstream
13025_6,13,,,,77.675,21.225,889.493896484375,,nested_downstream
13025_7,13,,,,77.325,20.925,1637.898681640625,,nested_downstream
13025_8,13,,,,77.025,20.675,577.5350341796875,,nested_downstream
13025_9,13,,,,76.525,20.875,980.5787963867188,,nested_downstream
13025_10,13,,,,77.525,20.825,1409.97412109375,,nested_downstream
13025_11,13,,,,77.225,20.625,953.388427734375,,nested_downstream
13025_12,13,,,,76.725,20.975,747.3253784179688,,nested_downstream
13025_13,13,,,,77.175,20.525,635.845703125,,nested_downstream
13025_14,13,,,,77.325,20.975,546.1663818359375,,nested_downstream
13025_15,13,,,,76.925,20.925,776.6666259765625,,nested_downstream
13025_16,13,,,,77.675,20.925,1064.3447265625,,nested_downstream
13025_17,13,,,,77.475,21.125,402.11767578125,,nested_downstream
13025_18,13,,,,77.475,20.775,375.0359802246094,,nested_downstream
13025_19,13,,,,77.175,20.925,603.8935546875,,nested_downstream
13025_20,13,,,,76.625,20.425,346.6941223144531,,nested_downstream
13025_21,13,,,,77.025,20.925,402.7057189941406,,nested_downstream
13025_22,13,,,,76.825,20.675,346.3445739746094,,nested_downstream
13025_23,13,,,,76.825,20.475,375.72515869140625,,nested_downstream
13025_24,13,,,,77.775,21.075,488.733642578125,,nested_downstream
13025_25,13,,,,76.775,21.225,373.4871826171875,,nested_downstream
17005_0,17,,,,79.975,12.675,16206.2890625,,nested_upstream
17005_1,17,,,,79.675,12.825,11128.15234375,,nested_downstream
17005_2,17,,,,79.425,12.875,10797.8974609375,,nested_downstream
17005_3,17,,,,79.075,12.925,7709.943359375,,nested_downstream
17005_4,17,,,,79.825,12.725,4147.28173828125,,nested_downstream
17005_5,17,,,,78.625,12.725,3479.965576171875,,nested_downstream
17005_6,17,,,,79.525,12.675,3606.466064453125,,nested_downstream
17005_7,17,,,,78.575,12.675,3149.439208984375,,nested_downstream
17005_8,17,,,,79.375,12.625,3186.026611328125,,nested_downstream
17005_9,17,,,,78.475,12.675,2819.10888671875,,nested_downstream
17005_10,17,,,,78.425,12.775,2488.72021484375,,nested_downstream
17005_11,17,,,,78.875,12.925,1948.6016845703125,,nested_downstream
17005_12,17,,,,79.225,12.525,1593.7215576171875,,nested_downstream
17005_13,17,,,,78.775,13.025,1588.573974609375,,nested_downstream
17005_14,17,,,,79.125,12.425,1263.04150390625,,nested_downstream
17005_15,17,,,,79.275,12.975,2427.71923828125,,nested_downstream
17005_16,17,,,,78.425,12.975,2158.51171875,,nested_downstream
17005_17,17,,,,79.025,12.425,902.2230224609375,,nested_downstream
17005_18,17,,,,78.275,13.075,1798.5130615234375,,nested_downstream
17005_19,17,,,,78.725,13.225,1228.6822509765625,,nested_downstream
17005_20,17,,,,79.375,12.675,1081.3717041015625,,nested_downstream
17005_21,17,,,,79.175,13.225,1947.8758544921875,,nested_downstream
17005_22,17,,,,78.275,13.225,599.274169921875,,nested_downstream
17005_23,17,,,,78.725,12.875,960.1659545898438,,nested_downstream
17005_24,17,,,,78.825,12.275,571.3681030273438,,nested_downstream
17005_25,17,,,,79.075,13.275,599.4730834960938,,nested_downstream
17005_26,17,,,,79.125,13.225,329.860595703125,,nested_downstream
17005_27,17,,,,79.175,12.675,360.56268310546875,,nested_downstream
17005_28,17,,,,79.975,12.725,360.2912902832031,,nested_downstream
17005_29,17,,,,78.625,13.375,389.4610900878906,,nested_downstream
17005_30,17,,,,78.675,13.225,419.70379638671875,,nested_downstream
17005_31,17,,,,78.925,12.875,420.5260925292969,,nested_downstream
17005_32,17,,,,79.125,12.775,330.3421325683594,,nested_downstream
10011_0,10,,,,74.125,23.775,16367.716796875,,nested_upstream
10011_1,10,,,,74.275,23.825,7391.08740234375,,nested_downstream
10011_2,10,,,,74.475,23.925,7052.650390625,,nested_downstream
10011_3,10,,,,74.525,23.825,6658.09912109375,,nested_downstream
10011_4,10,,,,74.625,23.475,4511.45068359375,,nested_downstream
10011_5,10,,,,74.775,23.275,3775.2265625,,nested_downstream
10011_6,10,,,,74.775,23.225,3463.70703125,,nested_downstream
10011_7,10,,,,74.275,23.925,2307.0048828125,,nested_downstream
10011_8,10,,,,74.825,23.175,3151.90673828125,,nested_downstream
10011_9,10,,,,73.875,23.975,2197.05615234375,,nested_downstream
10011_10,10,,,,74.575,23.625,1496.582763671875,,nested_downstream
10011_11,10,,,,74.425,24.075,1771.9932861328125,,nested_downstream
10011_12,10,,,,73.925,24.225,2472.14892578125,,nested_downstream
10011_13,10,,,,73.875,24.225,618.1273193359375,,nested_downstream
10011_14,10,,,,73.725,23.925,1858.8436279296875,,nested_downstream
10011_15,10,,,,74.025,24.275,1488.521484375,,nested_downstream
10011_16,10,,,,74.075,24.275,702.3975219726562,,nested_downstream
10011_17,10,,,,74.975,22.875,1166.0115966796875,,nested_downstream
10011_18,10,,,,73.675,24.075,337.6116943359375,,nested_downstream
10011_19,10,,,,74.625,24.225,562.080810546875,,nested_downstream
10011_20,10,,,,74.775,23.075,454.1089782714844,,nested_downstream
10011_21,10,,,,74.125,24.375,393.1819152832031,,nested_downstream
10011_22,10,,,,74.625,23.375,339.9407653808594,,nested_downstream
10011_23,10,,,,73.925,24.375,308.81353759765625,,nested_downstream
10011_24,10,,,,74.675,23.625,339.2510681152344,,nested_downstream
10011_25,10,,,,74.075,24.025,337.8270568847656,,nested_downstream
10011_26,10,,,,75.075,23.025,312.2024841308594,,nested_downstream
10011_27,10,,,,73.675,23.875,366.72320556640625,,nested_downstream
10011_28,10,,,,74.125,23.825,366.6806335449219,,nested_downstream
11010_0,11,,,,72.525,22.675,18111.033203125,,nested_upstream
11010_1,11,,,,72.575,23.075,8644.08203125,,nested_downstream
11010_2,11,,,,72.675,23.125,8303.90234375,,nested_downstream
11010_3,11,,,,72.775,23.425,7964.06591796875,,nested_downstream
11010_4,11,,,,72.825,23.725,5903.1982421875,,nested_downstream
11010_5,11,,,,72.625,22.675,7822.05712890625,,nested_downstream
11010_6,11,,,,72.825,23.875,5592.83544921875,,nested_downstream
11010_7,11,,,,72.675,22.825,1952.856689453125,,nested_downstream
11010_8,11,,,,72.875,24.025,5282.7275390625,,nested_downstream
11010_9,11,,,,72.825,23.075,1612.1417236328125,,nested_downstream
11010_10,11,,,,72.875,22.925,2886.498291015625,,nested_downstream
11010_11,11,,,,72.975,24.225,3621.21435546875,,nested_downstream
11010_12,11,,,,72.925,23.225,1300.217529296875,,nested_downstream
11010_13,11,,,,72.725,22.725,2527.9482421875,,nested_downstream
11010_14,11,,,,72.575,22.725,1247.1148681640625,,nested_downstream
11010_15,11,,,,72.775,22.725,2158.2314453125,,nested_downstream
11010_16,11,,,,72.625,22.925,934.5130615234375,,nested_downstream
11010_17,11,,,,73.025,24.325,869.199951171875,,nested_downstream
11010_18,11,,,,73.025,23.175,933.3862915039062,,nested_downstream
11010_19,11,,,,73.225,24.275,1600.4346923828125,,nested_downstream
11010_20,11,,,,72.875,23.525,1439.326416015625,,nested_downstream
11010_21,11,,,,73.075,23.475,988.7498168945312,,nested_downstream
11010_22,11,,,,73.375,23.275,1244.4891357421875,,nested_downstream
11010_23,11,,,,73.225,23.525,677.7528686523438,,nested_downstream
11010_24,11,,,,73.475,23.375,876.4078369140625,,nested_downstream
11010_25,11,,,,72.775,23.225,594.2311401367188,,nested_downstream
11010_26,11,,,,73.025,22.725,909.2003784179688,,nested_downstream
11010_27,11,,,,73.325,24.375,1291.100341796875,,nested_downstream
11010_28,11,,,,73.125,24.575,532.2492065429688,,nested_downstream
11010_29,11,,,,72.975,24.025,901.3728637695312,,nested_downstream
11010_30,11,,,,73.175,23.425,621.86669921875,,nested_downstream
11010_31,11,,,,73.075,23.025,595.4896850585938,,nested_downstream
11010_32,11,,,,73.125,24.375,392.76708984375,,nested_downstream
11010_33,11,,,,73.325,24.425,532.8314208984375,,nested_downstream
11010_34,11,,,,73.125,24.025,535.2369995117188,,nested_downstream
11010_35,11,,,,73.075,23.675,479.6343994140625,,nested_downstream
11010_36,11,,,,73.525,23.525,565.18017578125,,nested_downstream
11010_37,11,,,,73.175,22.825,596.3845825195312,,nested_downstream
11010_38,11,,,,73.275,23.775,394.8392028808594,,nested_downstream
11010_39,11,,,,73.325,23.675,366.892822265625,,nested_downstream
11010_40,11,,,,73.375,23.525,310.71240234375,,nested_downstream
03074_0,03,,,,78.525,19.825,19845.201171875,,nested_upstream
03074_1,03,,,,78.375,19.875,19526.185546875,,nested_downstream
03074_2,03,,,,78.075,19.875,13190.6484375,,nested_downstream
03074_3,03,,,,77.925,19.875,12842.8779296875,,nested_downstream
03074_4,03,,,,77.925,19.725,10379.775390625,,nested_downstream
03074_5,03,,,,78.075,19.625,10031.5341796875,,nested_downstream
03074_6,03,,,,78.175,19.575,9625.2158203125,,nested_downstream
03074_7,03,,,,78.125,19.475,9276.61328125,,nested_downstream
03074_8,03,,,,77.975,19.475,8956.9443359375,,nested_downstream
03074_9,03,,,,77.875,19.525,8579.33984375,,nested_downstream
03074_10,03,,,,77.775,19.425,8259.65234375,,nested_downstream
03074_11,03,,,,77.475,19.675,4862.7841796875,,nested_downstream
03074_12,03,,,,77.375,19.775,4485.6728515625,,nested_downstream
03074_13,03,,,,78.175,19.975,4569.361328125,,nested_downstream
03074_14,03,,,,77.275,19.925,4166.798828125,,nested_downstream
03074_15,03,,,,77.175,19.975,3790.160400390625,,nested_downstream
03074_16,03,,,,77.975,20.225,2080.830810546875,,nested_downstream
03074_17,03,,,,77.075,19.975,3442.650390625,,nested_downstream
03074_18,03,,,,77.875,20.275,1676.1748046875,,nested_downstream
03074_19,03,,,,76.925,20.075,2921.45751953125,,nested_downstream
03074_20,03,,,,77.625,19.525,2118.62158203125,,nested_downstream
03074_21,03,,,,78.125,20.025,1591.6083984375,,nested_downstream
03074_22,03,,,,77.425,19.525,1770.0106201171875,,nested_downstream
03074_23,03,,,,77.825,19.825,1854.087646484375,,nested_downstream
03074_24,03,,,,76.625,20.075,1821.44384765625,,nested_downstream
03074_25,03,,,,77.775,19.775,1535.3287353515625,,nested_downstream
03074_26,03,,,,77.675,20.425,1040.355712890625,,nested_downstream
03074_27,03,,,,77.275,19.625,1392.449951171875,,nested_downstream
03074_28,03,,,,77.875,20.075,1273.1187744140625,,nested_downstream
03074_29,03,,,,77.625,19.875,1187.3177490234375,,nested_downstream
03074_30,03,,,,77.175,19.675,927.9603271484375,,nested_downstream
03074_31,03,,,,77.525,19.975,810.5808715820312,,nested_downstream
03074_32,03,,,,78.325,19.975,896.59326171875,,nested_downstream
03074_33,03,,,,77.475,20.375,693.7075805664062,,nested_downstream
03074_34,03,,,,76.325,20.375,664.337890625,,nested_downstream
03074_35,03,,,,77.025,19.775,550.8584594726562,,nested_downstream
03074_36,03,,,,77.425,20.075,463.0257263183594,,nested_downstream
03074_37,03,,,,76.825,20.125,376.0709533691406,,nested_downstream
03074_38,03,,,,78.325,20.225,317.9185791015625,,nested_downstream
03074_39,03,,,,76.525,20.175,375.9984130859375,,nested_downstream
03074_40,03,,,,77.725,19.375,436.126220703125,,nested_downstream
03028_0,03,,,,79.125,19.975,19731.302734375,,nested_upstream
03028_1,03,,,,79.025,20.125,19326.099609375,,nested_downstream
03028_2,03,,,,78.975,20.175,19008.005859375,,nested_downstream
03028_3,03,,,,78.875,20.275,18487.46484375,,nested_downstream
03028_4,03,,,,78.675,20.375,12318.7333984375,,nested_downstream
03028_5,03,,,,78.525,20.525,10904.37109375,,nested_downstream
03028_6,03,,,,78.375,20.525,10586.8017578125,,nested_downstream
03028_7,03,,,,78.325,20.725,6865.37060546875,,nested_downstream
03028_8,03,,,,78.275,20.875,6462.02490234375,,nested_downstream
03028_9,03,,,,78.825,20.325,5561.513671875,,nested_downstream
03028_10,03,,,,78.075,21.225,4908.2666015625,,nested_downstream
03028_11,03,,,,78.825,20.575,4406.67236328125,,nested_downstream
03028_12,03,,,,78.225,20.575,2884.771728515625,,nested_downstream
03028_13,03,,,,78.875,20.675,4060.493408203125,,nested_downstream
03028_14,03,,,,78.275,21.325,2927.54443359375,,nested_downstream
03028_15,03,,,,78.075,20.625,2394.028564453125,,nested_downstream
03028_16,03,,,,78.825,20.675,1929.1563720703125,,nested_downstream
03028_17,03,,,,78.775,20.725,748.40185546875,,nested_downstream
03028_18,03,,,,78.425,21.425,573.0403442382812,,nested_downstream
03028_19,03,,,,79.025,20.875,891.97802734375,,nested_downstream
03028_20,03,,,,78.525,21.375,775.5946655273438,,nested_downstream
03028_21,03,,,,78.025,21.225,516.9264526367188,,nested_downstream
03028_22,03,,,,78.675,20.425,807.675537109375,,nested_downstream
03028_23,03,,,,78.025,21.375,573.5921630859375,,nested_downstream
03028_24,03,,,,78.975,20.975,575.2718505859375,,nested_downstream
03028_25,03,,,,78.625,20.775,719.7133178710938,,nested_downstream
03028_26,03,,,,78.875,20.425,692.809326171875,,nested_downstream
03028_27,03,,,,78.325,21.275,517.3744506835938,,nested_downstream
03028_28,03,,,,77.675,20.725,490.5120544433594,,nested_downstream
03028_29,03,,,,78.675,20.975,431.52716064453125,,nested_downstream
03028_30,03,,,,77.975,20.675,403.4664306640625,,nested_downstream
03028_31,03,,,,79.025,20.725,576.6679077148438,,nested_downstream
03028_32,03,,,,78.325,21.425,315.4502258300781,,nested_downstream
03028_33,03,,,,78.125,21.075,431.5271911621094,,nested_downstream
03028_34,03,,,,77.825,20.625,375.2208251953125,,nested_downstream
03028_35,03,,,,78.575,20.625,490.2066345214844,,nested_downstream
03045_0,03,,,,81.375,17.825,20350.53125,,nested_upstream
03045_1,03,,,,81.525,18.275,9838.2548828125,,nested_downstream
03045_2,03,,,,81.725,18.425,8376.5771484375,,nested_downstream
03045_3,03,,,,81.425,17.825,6500.66357421875,,nested_downstream
03045_4,03,,,,81.675,17.875,6148.68359375,,nested_downstream
03045_5,03,,,,82.075,18.575,6040.60693359375,,nested_downstream
03045_6,03,,,,81.825,17.975,5826.12548828125,,nested_downstream
03045_7,03,,,,82.225,18.925,3355.53759765625,,nested_downstream
03045_8,03,,,,82.375,19.025,3005.871337890625,,nested_downstream
03045_9,03,,,,82.275,18.325,2866.951904296875,,nested_downstream
03045_10,03,,,,82.375,18.425,2399.037841796875,,nested_downstream
03045_11,03,,,,82.475,18.875,2189.56298828125,,nested_downstream
03045_12,03,,,,82.475,18.575,2077.643798828125,,nested_downstream
03045_13,03,,,,81.525,18.025,2078.31005859375,,nested_downstream
03045_14,03,,,,82.525,18.775,1810.31298828125,,nested_downstream
03045_15,03,,,,81.675,18.125,1580.2191162109375,,nested_downstream
03045_16,03,,,,81.575,18.325,730.6159057617188,,nested_downstream
03045_17,03,,,,82.625,18.275,819.98291015625,,nested_downstream
03045_18,03,,,,82.575,18.425,819.0146484375,,nested_downstream
03045_19,03,,,,82.175,18.125,1728.7828369140625,,nested_downstream
03045_20,03,,,,82.775,18.725,817.8267822265625,,nested_downstream
03045_21,03,,,,81.825,18.175,1170.288330078125,,nested_downstream
03045_22,03,,,,82.075,18.775,758.0339965820312,,nested_downstream
03045_23,03,,,,81.725,18.525,642.353515625,,nested_downstream
03045_24,03,,,,81.525,18.475,409.022216796875,,nested_downstream
03045_25,03,,,,82.575,18.725,438.11431884765625,,nested_downstream
03045_26,03,,,,82.625,18.175,351.5097351074219,,nested_downstream
03045_27,03,,,,82.225,18.025,439.7580261230469,,nested_downstream
03045_28,03,,,,81.875,18.175,409.7255859375,,nested_downstream
03045_29,03,,,,81.425,17.975,351.5017395019531,,nested_downstream
03045_30,03,,,,82.225,18.575,642.47900390625,,nested_downstream
03045_31,03,,,,81.875,18.675,583.5814208984375,,nested_downstream
03045_32,03,,,,82.375,18.925,350.0237121582031,,nested_downstream
03045_33,03,,,,82.775,18.325,409.602294921875,,nested_downstream
03045_34,03,,,,82.375,18.025,615.549560546875,,nested_downstream
03045_35,03,,,,82.875,18.625,496.6666564941406,,nested_downstream
03045_36,03,,,,81.925,18.875,437.2198486328125,,nested_downstream
03045_37,03,,,,82.125,18.525,526.142333984375,,nested_downstream
03045_38,03,,,,81.475,18.125,322.0222473144531,,nested_downstream
08013_0,08,,,,83.725,20.625,20345.109375,,nested_upstream
08013_1,08,,,,83.225,20.275,11845.12890625,,nested_downstream
08013_2,08,,,,83.025,20.125,2286.1875,,nested_downstream
08013_3,08,,,,83.175,20.225,2744.58740234375,,nested_downstream
08013_4,08,,,,83.025,19.975,5482.14111328125,,nested_downstream
08013_5,08,,,,83.525,20.425,1678.973876953125,,nested_downstream
08013_6,08,,,,83.625,20.475,2053.96826171875,,nested_downstream
08013_7,08,,,,83.025,20.225,2426.568603515625,,nested_downstream
08013_8,08,,,,82.825,20.125,1823.0802001953125,,nested_downstream
08013_9,08,,,,83.375,20.425,1558.8001708984375,,nested_downstream
08013_10,08,,,,82.825,19.925,2725.490478515625,,nested_downstream
08013_11,08,,,,83.775,20.375,1649.3760986328125,,nested_downstream
08013_12,08,,,,82.875,20.275,2079.6103515625,,nested_downstream
08013_13,08,,,,82.975,19.925,1625.8792724609375,,nested_downstream
08013_14,08,,,,83.225,20.175,724.24609375,,nested_downstream
08013_15,08,,,,83.425,20.325,1360.5316162109375,,nested_downstream
08013_16,08,,,,83.175,20.475,1096.6663818359375,,nested_downstream
08013_17,08,,,,83.625,20.175,1303.1845703125,,nested_downstream
08013_18,08,,,,82.875,19.775,1248.9195556640625,,nested_downstream
08013_19,08,,,,82.575,19.875,1594.373291015625,,nested_downstream
08013_20,08,,,,83.925,20.225,1186.8680419921875,,nested_downstream
08013_21,08,,,,83.675,20.175,492.0824279785156,,nested_downstream
08013_22,08,,,,82.675,20.375,1183.6795654296875,,nested_downstream
08013_23,08,,,,83.275,19.975,347.8681945800781,,nested_downstream
08013_24,08,,,,83.075,20.525,779.0499877929688,,nested_downstream
08013_25,08,,,,83.525,20.175,318.543212890625,,nested_downstream
08013_26,08,,,,83.025,19.925,696.1010131835938,,nested_downstream
08013_27,08,,,,82.375,20.125,839.1320190429688,,nested_downstream
08013_28,08,,,,82.725,19.825,580.3928833007812,,nested_downstream
08013_29,08,,,,83.725,19.975,463.6727294921875,,nested_downstream
08013_30,08,,,,83.475,20.525,490.5122375488281,,nested_downstream
08013_31,08,,,,82.325,20.125,376.3598937988281,,nested_downstream
08013_32,08,,,,82.825,19.625,348.5057373046875,,nested_downstream
08013_33,08,,,,82.625,20.425,433.303466796875,,nested_downstream
08013_34,08,,,,82.925,20.625,375.06396484375,,nested_downstream
08013_35,08,,,,84.025,20.175,463.0978088378906,,nested_downstream
08013_36,08,,,,83.475,20.175,318.48046875,,nested_downstream
08013_37,08,,,,82.625,20.525,346.206298828125,,nested_downstream
08013_38,08,,,,82.525,19.825,377.0754089355469,,nested_downstream
08013_39,08,,,,83.075,19.825,348.1970520019531,,nested_downstream
08013_40,08,,,,82.425,19.925,318.6604309082031,,nested_downstream
08013_41,08,,,,82.825,20.325,404.3999938964844,,nested_downstream
07007_0,07,,,,84.925,21.825,21765.251953125,,nested_upstream
07007_1,07,,,,84.875,21.925,21421.740234375,,nested_downstream
07007_2,07,,,,85.075,22.325,10570.5908203125,,nested_downstream
07007_3,07,,,,85.225,22.625,7461.1884765625,,nested_downstream
07007_4,07,,,,84.775,22.275,6912.10595703125,,nested_downstream
07007_5,07,,,,85.075,22.725,4507.38330078125,,nested_downstream
07007_6,07,,,,84.825,22.825,4081.030029296875,,nested_downstream
07007_7,07,,,,84.775,22.925,3711.5673828125,,nested_downstream
07007_8,07,,,,84.275,22.525,4317.4501953125,,nested_downstream
07007_9,07,,,,85.175,22.675,2498.42138671875,,nested_downstream
07007_10,07,,,,84.675,23.225,2151.266845703125,,nested_downstream
07007_11,07,,,,84.375,22.875,2326.227783203125,,nested_downstream
07007_12,07,,,,85.275,22.475,1740.582275390625,,nested_downstream
07007_13,07,,,,84.675,23.375,1528.05029296875,,nested_downstream
07007_14,07,,,,84.325,23.025,1957.1534423828125,,nested_downstream
07007_15,07,,,,84.725,23.475,1188.4427490234375,,nested_downstream
07007_16,07,,,,84.925,22.325,1224.66162109375,,nested_downstream
07007_17,07,,,,85.425,22.375,627.3850708007812,,nested_downstream
07007_18,07,,,,84.825,23.475,848.9401245117188,,nested_downstream
07007_19,07,,,,85.425,22.225,514.2738647460938,,nested_downstream
07007_20,07,,,,84.575,22.375,398.744140625,,nested_downstream
07007_21,07,,,,84.975,23.025,566.9755859375,,nested_downstream
07007_22,07,,,,84.925,22.025,857.7933959960938,,nested_downstream
07007_23,07,,,,85.225,22.325,513.818359375,,nested_downstream
07007_24,07,,,,84.925,22.525,512.1937866210938,,nested_downstream
07007_25,07,,,,84.075,22.975,539.1533813476562,,nested_downstream
07007_26,07,,,,84.175,23.175,680.1098022460938,,nested_downstream
07007_27,07,,,,84.975,23.425,537.7962036132812,,nested_downstream
07007_28,07,,,,85.625,22.375,313.8224182128906,,nested_downstream
07007_29,07,,,,84.475,22.675,511.7774658203125,,nested_downstream
07007_30,07,,,,84.475,22.425,313.2408752441406,,nested_downstream
07007_31,07,,,,84.625,22.225,314.18988037109375,,nested_downstream
07007_32,07,,,,85.075,22.975,340.5507507324219,,nested_downstream
07007_33,07,,,,84.325,22.625,483.4894104003906,,nested_downstream
07007_34,07,,,,84.825,21.925,371.84375,,nested_downstream
04038_0,04,,,,75.125,17.975,22149.583984375,,nested_upstream
04038_1,04,,,,75.175,18.125,14857.2451171875,,nested_downstream
04038_2,04,,,,75.075,18.225,14447.431640625,,nested_downstream
04038_3,04,,,,74.975,18.225,13979.22265625,,nested_downstream
04038_4,04,,,,74.825,18.275,13511.064453125,,nested_downstream
04038_5,04,,,,74.725,18.425,12195.43359375,,nested_downstream
04038_6,04,,,,75.075,17.925,6823.58984375,,nested_downstream
04038_7,04,,,,74.875,17.925,6442.50537109375,,nested_downstream
04038_8,04,,,,74.575,18.525,4516.39111328125,,nested_downstream
04038_9,04,,,,74.475,18.525,6510.421875,,nested_downstream
04038_10,04,,,,74.775,18.025,5650.9384765625,,nested_downstream
04038_11,04,,,,74.675,18.025,5240.72412109375,,nested_downstream
04038_12,04,,,,74.325,18.575,6189.0615234375,,nested_downstream
04038_13,04,,,,74.275,18.575,2921.8642578125,,nested_downstream
04038_14,04,,,,74.225,18.675,2887.72021484375,,nested_downstream
04038_15,04,,,,74.325,18.825,3116.0693359375,,nested_downstream
04038_16,04,,,,74.075,18.525,2571.251708984375,,nested_downstream
04038_17,04,,,,74.275,18.925,1426.26953125,,nested_downstream
04038_18,04,,,,74.225,18.075,2224.99169921875,,nested_downstream
04038_19,04,,,,74.625,18.075,1433.537353515625,,nested_downstream
04038_20,04,,,,73.925,18.525,2191.3798828125,,nested_downstream
04038_21,04,,,,74.175,18.975,1135.8426513671875,,nested_downstream
04038_22,04,,,,73.975,18.625,962.84814453125,,nested_downstream
04038_23,04,,,,74.125,18.125,1785.63134765625,,nested_downstream
04038_24,04,,,,74.175,19.075,1047.5296630859375,,nested_downstream
04038_25,04,,,,73.825,18.625,496.3070068359375,,nested_downstream
04038_26,04,,,,73.975,18.175,1375.7501220703125,,nested_downstream
04038_27,04,,,,74.475,18.225,1082.280517578125,,nested_downstream
04038_28,04,,,,73.825,18.525,818.6263427734375,,nested_downstream
04038_29,04,,,,73.925,18.225,526.6139526367188,,nested_downstream
04038_30,04,,,,73.725,18.775,612.5626831054688,,nested_downstream
04038_31,04,,,,74.075,19.025,320.3021240234375,,nested_downstream
04038_32,04,,,,74.125,18.675,408.34954833984375,,nested_downstream
04038_33,04,,,,74.325,18.275,731.1964721679688,,nested_downstream
04038_34,04,,,,73.625,18.525,467.424072265625,,nested_downstream
04038_35,04,,,,73.875,18.775,349.9220275878906,,nested_downstream
04038_36,04,,,,74.575,18.725,612.324951171875,,nested_downstream
04038_37,04,,,,73.825,18.175,497.7321472167969,,nested_downstream
04038_38,04,,,,73.775,19.075,378.50848388671875,,nested_downstream
04038_39,04,,,,73.775,18.975,320.48223876953125,,nested_downstream
04038_40,04,,,,74.175,18.325,409.470458984375,,nested_downstream
04038_41,04,,,,74.725,18.575,379.49468994140625,,nested_downstream
04057_0,04,,,,76.975,15.625,23463.662109375,,nested_upstream
04057_1,04,,,,76.975,15.525,23137.263671875,,nested_downstream
04057_2,04,,,,77.025,15.125,20581.794921875,,nested_downstream
04057_3,04,,,,76.975,14.625,15398.48046875,,nested_downstream
04057_4,04,,,,76.825,14.525,14474.431640625,,nested_downstream
04057_5,04,,,,76.975,14.925,3307.792724609375,,nested_downstream
04057_6,04,,,,76.925,14.875,2950.742431640625,,nested_downstream
04057_7,04,,,,76.725,13.975,9996.4755859375,,nested_downstream
04057_8,04,,,,76.875,14.825,2593.58447265625,,nested_downstream
04057_9,04,,,,76.625,13.975,5896.64013671875,,nested_downstream
04057_10,04,,,,76.725,14.775,2266.03271484375,,nested_downstream
04057_11,04,,,,76.525,13.875,5538.0556640625,,nested_downstream
04057_12,04,,,,76.375,13.825,4999.9345703125,,nested_downstream
04057_13,04,,,,76.775,13.975,3651.33203125,,nested_downstream
04057_14,04,,,,76.575,14.625,1491.6778564453125,,nested_downstream
04057_15,04,,,,76.525,14.525,1163.8333740234375,,nested_downstream
04057_16,04,,,,76.825,13.775,1316.5545654296875,,nested_downstream
04057_17,04,,,,76.375,14.425,776.2090454101562,,nested_downstream
04057_18,04,,,,76.075,13.575,868.4775390625,,nested_downstream
04057_19,04,,,,76.775,14.375,1044.8438720703125,,nested_downstream
04057_20,04,,,,76.625,13.625,1018.1893310546875,,nested_downstream
04057_21,04,,,,76.175,13.475,719.2383422851562,,nested_downstream
04057_22,04,,,,76.825,14.125,836.73974609375,,nested_downstream
04057_23,04,,,,76.975,15.425,564.5840454101562,,nested_downstream
04057_24,04,,,,76.025,13.575,329.32867431640625,,nested_downstream
04057_25,04,,,,76.075,13.425,659.3555297851562,,nested_downstream
04057_26,04,,,,76.575,13.575,688.8609008789062,,nested_downstream
04057_27,04,,,,76.275,13.675,449.184814453125,,nested_downstream
04057_28,04,,,,76.925,13.775,508.8032531738281,,nested_downstream
04057_29,04,,,,76.775,14.475,686.002197265625,,nested_downstream
04057_30,04,,,,77.125,15.275,980.9182739257812,,nested_downstream
04057_31,04,,,,76.175,13.675,598.2056884765625,,nested_downstream
04057_32,04,,,,76.925,14.275,567.3143920898438,,nested_downstream
04057_33,04,,,,76.725,13.675,419.0784606933594,,nested_downstream
04057_34,04,,,,76.275,14.225,447.9719543457031,,nested_downstream
04057_35,04,,,,76.625,14.225,447.8309631347656,,nested_downstream
04057_36,04,,,,77.175,15.225,624.37451171875,,nested_downstream
04057_37,04,,,,76.975,13.975,388.58929443359375,,nested_downstream
04057_38,04,,,,76.525,13.425,359.5077209472656,,nested_downstream
04057_39,04,,,,76.375,13.725,389.0448913574219,,nested_downstream
04057_40,04,,,,76.575,14.475,357.9604797363281,,nested_downstream
03057_0,03,,,,80.675,19.275,23877.79296875,,nested_upstream
03057_1,03,,,,80.725,19.175,23441.443359375,,nested_downstream
03057_2,03,,,,81.325,19.075,17874.705078125,,nested_downstream
03057_3,03,,,,81.725,19.175,11748.0732421875,,nested_downstream
03057_4,03,,,,82.125,19.175,6865.677734375,,nested_downstream
03057_5,03,,,,81.775,19.225,3572.030517578125,,nested_downstream
03057_6,03,,,,81.525,19.275,3305.68603515625,,nested_downstream
03057_7,03,,,,82.425,19.175,4569.74609375,,nested_downstream
03057_8,03,,,,81.525,19.425,2985.799072265625,,nested_downstream
03057_9,03,,,,81.725,19.425,1595.7310791015625,,nested_downstream
03057_10,03,,,,81.325,19.225,1714.697509765625,,nested_downstream
03057_11,03,,,,82.175,19.175,1859.296875,,nested_downstream
03057_12,03,,,,81.625,19.525,1276.2454833984375,,nested_downstream
03057_13,03,,,,81.475,19.575,1188.4351806640625,,nested_downstream
03057_14,03,,,,81.275,18.975,1749.81201171875,,nested_downstream
03057_15,03,,,,80.875,19.025,1429.07421875,,nested_downstream
03057_16,03,,,,82.725,19.175,1107.4615478515625,,nested_downstream
03057_17,03,,,,82.275,19.325,1539.296875,,nested_downstream
03057_18,03,,,,81.625,19.775,1245.6917724609375,,nested_downstream
03057_19,03,,,,81.825,19.275,1569.228515625,,nested_downstream
03057_20,03,,,,80.875,18.925,991.8971557617188,,nested_downstream
03057_21,03,,,,82.275,19.425,1132.34814453125,,nested_downstream
03057_22,03,,,,81.425,19.775,811.2005615234375,,nested_downstream
03057_23,03,,,,81.325,19.475,697.3094482421875,,nested_downstream
03057_24,03,,,,82.625,19.125,495.4004211425781,,nested_downstream
03057_25,03,,,,82.425,19.225,726.9405517578125,,nested_downstream
03057_26,03,,,,81.825,19.725,840.9885864257812,,nested_downstream
03057_27,03,,,,81.925,19.275,552.3994750976562,,nested_downstream
03057_28,03,,,,82.725,19.025,320.6781311035156,,nested_downstream
03057_29,03,,,,82.275,19.525,812.77490234375,,nested_downstream
03057_30,03,,,,82.425,19.275,407.0185241699219,,nested_downstream
03057_31,03,,,,81.425,19.925,492.32568359375,,nested_downstream
03057_32,03,,,,81.975,19.375,377.60467529296875,,nested_downstream
03057_33,03,,,,81.325,19.325,348.9427795410156,,nested_downstream
03057_34,03,,,,81.575,18.875,466.5909423828125,,nested_downstream
03057_35,03,,,,81.375,19.125,349.5125732421875,,nested_downstream
03057_36,03,,,,80.975,18.775,437.6438293457031,,nested_downstream
03057_37,03,,,,82.875,19.275,494.584228515625,,nested_downstream
03057_38,03,,,,81.175,19.525,377.7275085449219,,nested_downstream
03057_39,03,,,,81.325,18.875,583.6151123046875,,nested_downstream
03057_40,03,,,,81.175,18.975,320.7208251953125,,nested_downstream
03057_41,03,,,,80.825,19.175,378.22357177734375,,nested_downstream
03057_42,03,,,,82.875,18.975,378.99591064453125,,nested_downstream
03057_43,03,,,,81.125,19.075,320.1815490722656,,nested_downstream
12004_0,12,,,,79.025,23.025,26175.931640625,,nested_upstream
12004_1,12,,,,79.625,23.125,18010.64453125,,nested_downstream
12004_2,12,,,,79.875,23.125,17045.505859375,,nested_downstream
12004_3,12,,,,80.225,22.775,13864.6826171875,,nested_downstream
12004_4,12,,,,80.325,22.675,12983.5947265625,,nested_downstream
12004_5,12,,,,80.525,22.925,4602.77978515625,,nested_downstream
12004_6,12,,,,80.575,22.975,4290.37255859375,,nested_downstream
12004_7,12,,,,80.575,22.725,4187.58154296875,,nested_downstream
12004_8,12,,,,79.375,23.175,4556.48046875,,nested_downstream
12004_9,12,,,,80.675,22.775,3846.35595703125,,nested_downstream
12004_10,12,,,,80.375,22.525,3339.843017578125,,nested_downstream
12004_11,12,,,,79.625,23.275,4216.41455078125,,nested_downstream
12004_12,12,,,,79.725,23.325,3848.083740234375,,nested_downstream
12004_13,12,,,,80.425,22.375,2028.4517822265625,,nested_downstream
12004_14,12,,,,80.675,22.625,1226.534423828125,,nested_downstream
12004_15,12,,,,79.125,23.025,2416.90234375,,nested_downstream
12004_16,12,,,,81.125,22.925,2161.15380859375,,nested_downstream
12004_17,12,,,,80.475,22.225,1686.148193359375,,nested_downstream
12004_18,12,,,,81.225,22.925,1848.6339111328125,,nested_downstream
12004_19,12,,,,80.825,22.575,1795.0250244140625,,nested_downstream
12004_20,12,,,,80.825,22.425,884.7421875,,nested_downstream
12004_21,12,,,,80.525,22.175,1343.4967041015625,,nested_downstream
12004_22,12,,,,80.625,22.175,1029.1883544921875,,nested_downstream
12004_23,12,,,,79.375,22.825,626.0060424804688,,nested_downstream
12004_24,12,,,,80.925,22.875,483.34716796875,,nested_downstream
12004_25,12,,,,80.825,22.325,456.8157043457031,,nested_downstream
12004_26,12,,,,80.425,22.525,826.6022338867188,,nested_downstream
12004_27,12,,,,80.125,23.475,1273.371826171875,,nested_downstream
12004_28,12,,,,79.875,22.975,796.0398559570312,,nested_downstream
12004_29,12,,,,79.975,23.125,992.7272338867188,,nested_downstream
12004_30,12,,,,79.625,23.075,568.0154418945312,,nested_downstream
12004_31,12,,,,80.625,23.025,453.66558837890625,,nested_downstream
12004_32,12,,,,79.975,23.475,734.84228515625,,nested_downstream
12004_33,12,,,,81.475,22.725,370.081787109375,,nested_downstream
12004_34,12,,,,81.325,22.825,398.30975341796875,,nested_downstream
12004_35,12,,,,81.025,22.575,711.823974609375,,nested_downstream
12004_36,12,,,,80.475,22.475,513.25048828125,,nested_downstream
12004_37,12,,,,80.075,23.175,680.7100219726562,,nested_downstream
12004_38,12,,,,79.875,23.325,453.3549499511719,,nested_downstream
12004_39,12,,,,79.475,22.825,882.0223999023438,,nested_downstream
12004_40,12,,,,80.175,22.825,312.40771484375,,nested_downstream
12004_41,12,,,,80.275,23.475,395.917236328125,,nested_downstream
12004_42,12,,,,79.925,23.525,395.5280456542969,,nested_downstream
12004_43,12,,,,79.325,22.675,313.21063232421875,,nested_downstream
12004_44,12,,,,79.375,23.075,454.3551330566406,,nested_downstream
12004_45,12,,,,81.525,22.725,455.0896911621094,,nested_downstream
12004_46,12,,,,80.975,22.425,427.94671630859375,,nested_downstream
12004_47,12,,,,80.725,22.125,314.3479309082031,,nested_downstream
12004_48,12,,,,80.775,22.775,426.50677490234375,,nested_downstream
12004_49,12,,,,79.875,22.825,426.6998291015625,,nested_downstream
12004_50,12,,,,79.975,22.925,312.35650634765625,,nested_downstream
12004_51,12,,,,79.825,23.475,367.4317321777344,,nested_downstream
12004_52,12,,,,81.125,22.575,370.1526184082031,,nested_downstream
12004_53,12,,,,80.275,23.125,340.3757019042969,,nested_downstream
12004_54,12,,,,79.125,22.925,312.57135009765625,,nested_downstream
08011_0,08,,,,82.325,21.725,29639.30859375,,nested_upstream
08011_1,08,,,,81.775,21.775,19844.556640625,,nested_downstream
08011_2,08,,,,81.675,21.625,16786.818359375,,nested_downstream
08011_3,08,,,,81.675,21.525,4025.541015625,,nested_downstream
08011_4,08,,,,82.175,21.875,3449.17578125,,nested_downstream
08011_5,08,,,,82.025,21.925,3281.50634765625,,nested_downstream
08011_6,08,,,,81.625,21.425,2676.219482421875,,nested_downstream
08011_7,08,,,,81.725,21.825,2628.1181640625,,nested_downstream
08011_8,08,,,,81.625,21.825,2284.904541015625,,nested_downstream
08011_9,08,,,,81.225,21.025,1989.6751708984375,,nested_downstream
08011_10,08,,,,81.775,22.025,684.7952270507812,,nested_downstream
08011_11,08,,,,81.075,21.075,3225.004150390625,,nested_downstream
08011_12,08,,,,81.525,21.925,998.8157958984375,,nested_downstream
08011_13,08,,,,81.625,21.075,1497.965087890625,,nested_downstream
08011_14,08,,,,82.075,22.325,1736.7962646484375,,nested_downstream
08011_15,08,,,,81.725,22.175,1054.721435546875,,nested_downstream
08011_16,08,,,,81.275,20.875,1644.2330322265625,,nested_downstream
08011_17,08,,,,81.125,21.025,720.5260009765625,,nested_downstream
08011_18,08,,,,81.275,21.375,1664.1317138671875,,nested_downstream
08011_19,08,,,,81.675,21.475,775.517822265625,,nested_downstream
08011_20,08,,,,81.625,20.975,1181.45654296875,,nested_downstream
08011_21,08,,,,81.525,21.675,629.5006713867188,,nested_downstream
08011_22,08,,,,81.325,21.575,1174.196044921875,,nested_downstream
08011_23,08,,,,81.425,21.975,428.35418701171875,,nested_downstream
08011_24,08,,,,81.525,20.925,778.2236328125,,nested_downstream
08011_25,08,,,,81.125,21.425,1319.762451171875,,nested_downstream
08011_26,08,,,,82.225,22.125,969.8475952148438,,nested_downstream
08011_27,08,,,,81.925,21.925,485.95013427734375,,nested_downstream
08011_28,08,,,,82.125,21.775,831.0571899414062,,nested_downstream
08011_29,08,,,,82.225,21.675,544.788330078125,,nested_downstream
08011_30,08,,,,80.775,20.825,980.3475952148438,,nested_downstream
08011_31,08,,,,81.275,21.325,430.8536071777344,,nested_downstream
08011_32,08,,,,81.425,22.175,684.5470581054688,,nested_downstream
08011_33,08,,,,81.425,21.675,572.4568481445312,,nested_downstream
08011_34,08,,,,81.525,22.275,342.1336975097656,,nested_downstream
08011_35,08,,,,81.925,22.075,656.4443359375,,nested_downstream
08011_36,08,,,,82.025,22.025,314.010986328125,,nested_downstream
08011_37,08,,,,80.925,21.075,603.6477661132812,,nested_downstream
08011_38,08,,,,81.225,21.675,400.7178649902344,,nested_downstream
08011_39,08,,,,81.825,21.325,459.79833984375,,nested_downstream
08011_40,08,,,,81.625,22.425,712.4879760742188,,nested_downstream
08011_41,08,,,,81.375,21.975,485.7531433105469,,nested_downstream
08011_42,08,,,,81.175,20.575,519.7841796875,,nested_downstream
08011_43,08,,,,81.825,22.175,342.3734436035156,,nested_downstream
08011_44,08,,,,82.225,22.275,655.8162841796875,,nested_downstream
08011_45,08,,,,80.825,20.975,748.2801513671875,,nested_downstream
08011_46,08,,,,80.975,20.775,403.773193359375,,nested_downstream
08011_47,08,,,,80.975,21.375,602.8182373046875,,nested_downstream
08011_48,08,,,,80.625,20.725,605.6734619140625,,nested_downstream
08011_49,08,,,,81.425,20.775,374.915771484375,,nested_downstream
08011_50,08,,,,81.125,21.675,429.56231689453125,,nested_downstream
08011_51,08,,,,81.725,22.425,399.075927734375,,nested_downstream
08011_52,08,,,,81.275,21.125,316.4236145019531,,nested_downstream
08011_53,08,,,,81.875,22.575,313.150146484375,,nested_downstream
